店名,wifi 穩定,通常有空位,安靜程度,咖啡好喝,價格便宜,裝潢/音樂佳,離捷運站近,營業時間,靠近哪個捷運站,地址,有無限時,插座多,可站立工作,推薦人,備註,,緯度,經度
爐鍋咖啡,5.0 ★,3.5 ★,2.0 ★,4.5 ★,3.5 ★,3.5 ★,2.0 ★,12:00 - 20:00 周一休,關渡站,台北市北投區大度路三段296巷39號,No,Yes,No,,,https://www.facebook.com/pg/luguocafetaiwan/about/?tab=page_info,,
拾米屋,沒有WIFI,4.0 ★,5.0 ★,4.0 ★,3.0 ★,3.0 ★,4.0 ★,,北投/新北投,台北市北投區大同街153號1號倉庫,Yes,Yes,Yes,Vervaak,蛋糕、啤酒很棒,https://www.facebook.com/ShemeHouse/,,
Cafe Solo Singer Life,4.5 ★,5.0 ★,5.0 ★,4.5 ★,4.0 ★,5.0 ★,4.5 ★,"14:00-22:00, 週一公休",北投/新北投,台北市北投區溫泉路7巷1弄1號,No,Yes,Yes,,時常看到帶著一檯電腦來工作坐一整天的人、住在隔壁民宿的外國人。menu比較簡單，在很難找的巷子裏面，很安靜，桌子大，適合工作一整天。,https://www.facebook.com/solosingerlife,"25°08'02.9""N","121°30'09.8""E"
N cafe,4.0 ★,5.0 ★,4.0 ★,4.0 ★,4.0 ★,3.5 ★,5.0 ★,,北投站,台北市北投區育仁路18號,,,Yes,Vervaak,美式料理不錯,https://www.facebook.com/pages/N-Cafe/1508351199400117,,
10 square cafe,5.0 ★,5.0 ★,4.0 ★,3.5 ★,4.0 ★,4.5 ★,5.0 ★,,信義安和,台北市大安區安和路二段35巷5號,NO,YES,No,鳳,食物佳，另有單杯葡萄酒可點，不定期會有藝術合作課程，可以借延長線,https://zh-tw.facebook.com/10square.cafe/,,
創客咖啡館 V CAfé,5.0 ★,5.0 ★,5.0 ★,4.0 ★,4.0 ★,3.5 ★,5.0 ★,10:00-21:00，週一～週日營業,忠孝敦化,台北市大安區安和路一段21巷7號,No,Yes,Yes,,主打工作室＋咖啡館，點一杯咖啡可以坐，也可以租工作室或辦活動,https://www.facebook.com/isV.cafe,,
夢遊咖啡館 Longtimeago Café,4.8 ★,5.0 ★,3.8 ★,4.5 ★,4.0 ★,5.0 ★,5.0 ★,10:00-21:00，週一～週日營業,忠孝敦化,台北市大安區安和路一段21巷9號,Yes,Yes,Yes,,電影場景咖啡館，極光之愛跟我的鬼基友的咖啡館，咖啡館樓下是電影公司的攝影棚，隔壁是另外一間咖啡館，主打是可以工作的咖啡館，也能免費租投影機，還有工作室出租。,https://www.facebook.com/Longtimeagocafe/,,
917 好事咖啡創意廚房,請去過的人評分,,,,,,,,六張犁,台北市大安區安居街8巷19號,,,,,,https://www.facebook.com/HowsCoffee/,,
新文明咖啡館,4.0 ★,4.0 ★,3.0 ★,4.0 ★,4.0 ★,3.0 ★,3.0 ★,,忠孝復興,台北市大安區大安路一段19巷13號,,Yes,No,Cos,落地窗光線蠻不錯的，珍珠奶茶很好喝，餐點價位在兩百上下,https://www.facebook.com/ncstoretw/?fref=ts,,
咖啡走廊COFFEE HALL  敦南店,5.0 ★,5.0 ★,4.0 ★,?,3.0 ★,4.0 ★,3.0 ★,"8:30AM - 10:00PM
",科技大樓,台北市大安區敦化南路二段140號,假日限時2hr，平日不限,yes,No,,,https://www.facebook.com/pg/咖啡走廊COFFEE-HALL-144448302252927/about/?ref=page_internal,,
布朗奇咖啡 敦南店,5.0 ★,4.0 ★,4.0 ★,?,5.0 ★,4.0 ★,3.0 ★,週一到週五:07:00-20:00 / 週六週日 07:30-18:00,科技大樓,台北市大安區敦化南路二段182號,No,Yes,No,,平價，燈光明亮，通常有座位不會太吵；餐點普通但價位也相對親切些，可以吃飽。(類似比較不吵的上島咖啡) 咖啡品質因本人不喝咖啡待其他人補充。,https://www.facebook.com/pg/BrunchCoffeeDunnan/about/?ref=page_internal,,
奧蘿茉 OROMO CAFE 敦南店,3.5 ★,3.0 ★,3.5 ★,4.0 ★,5.0 ★,3.5 ★,3.5 ★,"週一-週五 (MON-FRI) 7:30-21:30
週六-週日(SAT-SUN) 8:00-20:00",信義安和,台北市大安區敦化南路二段63巷20號,No,Yes,No,李安卓,一大杯拿鐵不到80，我不會鑑賞但覺得順口不錯喝，多數座位有免費插座也有WIFI又沒時間限制，台北市中心還有這樣實惠的嗎...,https://www.facebook.com/oromocafe2/,,
homey's cafe,3.5 ★,3.5 ★,3.5 ★,4.0 ★,4.0 ★,4.0 ★,4.0 ★,12:00-24:00,忠孝復興/忠孝敦化,台北市大安區敦化南路一段236巷36號,,Yes,No,aphasia,音樂品味不錯，推薦給喜歡hip pop的人，但網路時而不穩,https://www.facebook.com/homeyscafe/,,
IMP Dining Cafe',5.0 ★,5.0 ★,3.0 ★,4.0 ★,3.0 ★,5.0 ★,5.0 ★,"平日 11:00~21:30
週末 11:00~24:00 (若有重大比賽，則會延長營業時間)",忠孝復興/忠孝敦化,台北市大安區敦化南路一段238巷1號,NO,YES,NO,Yin-Kai Chen,"咖啡廳及運動酒吧的複合式店家，餐飲美味份量足，用料超實在，招牌是手工製作的青醬和手打的肉丸，時常供不應求，絕對值得一試。此外，私人追加推薦起司牛肉帕尼尼的濃郁口感。
特色是 Manchester United 資深美女球迷開的店，開店的初衷就是為台灣的足球迷提供一個溫馨的看球去處，店內擺設充滿濃厚的足球風味，平時的靜逸氛圍非常適合數位工作者專注於工作，直撥比賽時則是放鬆舒壓的好去處。
建議週末或重大國際賽事前，先以電話詢問訂位狀況，以免到場才發覺客滿了唷。",https://www.facebook.com/Imp-Cafe-490343437815668/,,
Workis工作是,5.0 ★,4.0 ★,4.5 ★,5.0 ★,4.0 ★,4.5 ★,5.0 ★,09:00-19:00 (通常是這樣啦，填個訂位表單比較好),科技大樓,台北市大安區復興南路二段337巷6弄2號,單日票,Yes,No,,"有貓有咖啡但更接近工作室的空間,捷運站超近,網速穩定,出入成員很硬",https://www.facebook.com/workisstudio1,,
4am cafe ,5.0 ★,5.0 ★,4.0★,3.5★,3.0 ★,4.0 ★,4.0 ★,14:00-04:00,國父紀念館,台北市大安區光復南路308巷38號,NO,YES 有延長線,,,有啤酒類，偏中高消費，可工作環境舒適，裝潢清爽。地下室有空間可以承租。,,,
自然醒咖啡公寓,4.0 ★,4.0 ★,4.0 ★,3.0 ★,3.0 ★,4.0 ★,4.5 ★,,科技大樓,台北市大安區和平東路二段157號,,,No,,,https://www.facebook.com/WakinUpCafeApartment/,,
Stoppage Time 補時,4.5 ★,4.0 ★,4.0 ★,4.5 ★,4.0 ★,5.0 ★,4.5 ★,,科技大樓,台北市大安區和平東路二段96巷15弄30號一樓,No,Yes,No,Coby,"老闆髮質很好有點像亂彈阿翔，食物很好吃份量大，
會一直播放無聲電影，整間店品味很好，裡面還有單人座位。",https://www.facebook.com/stoppagetimecafe/,,
老木咖啡,4.0 ★,4.0 ★,,4.0 ★,3.5 ★,5.0 ★,,,六張犁,台北市大安區和平東路三段119巷11號,NO,,,Summer,"貓咪很可愛會飛來飛去XD""",https://www.facebook.com/cafepachamama/?fref=ts,,
統將咖啡和平店,,,,,,,,12:00～19:00,六張犁,台北市大安區和平東路三段228巷20號,,,,,要在家自己動手沖咖啡可以去店裡看看 ,,,
混hun,4.0 ★,3.5 ★,4.5 ★,4.0 ★,4.5 ★,4.5 ★,4.0 ★,13:00-23:00,古亭,台北市大安區和平東路一段104巷6號,No,Yes,No,阿川,客人全都在工作，店內非常安靜,https://www.facebook.com/huncoworkingspace/,,
咖啡黑潮 Cafe Kuroshio ,3.5 ★,4.0 ★,3.0 ★,5.0 ★,4.0 ★,4.5 ★,3.0 ★,13:00-24:00,東門/古亭/台電大樓,台北市大安區和平東路一段141巷9-1號,No,No,No,Jamie,,https://m.facebook.com/cafe.kuroshio/,,
Sugar Man Cafe,4.0 ★,4.0 ★,4.0 ★,4.0 ★,4.0 ★,4.0 ★,4.0 ★,14:00-04:00,古亭,台北市大安區和平東路一段87-1號,,Yes,No,Summer,上洗手間會需要經過吸菸區,https://www.facebook.com/cafesugarman,,
5 Senses Café（公館）,3.0 ★,3.5 ★,4.5 ★,4.0 ★,4.0 ★,4.0 ★,No,12:00-22:30,,台北市大安區基隆路三段85號,No,Yes,No,Summer/Pam,一、二樓感覺差蠻多的，假日會稍微比較吵鬧／鄰近宿舍區、台科大，中午開門，低消80可以坐一整天，隨處有插座(by Pam),https://www.facebook.com/5senses.cafe/,,
苔毛,4.0 ★,4.0 ★,5.0 ★,4.0 ★,3.0 ★,4.5 ★,4.5 ★,,六張犁,台北市大安區嘉興街345號,,Yes,,aphasia,空間寬敞明亮，桌面高度適合工作。不過沒在假日去過不確定安靜程度 & 好不好卡位。(假日通常人很多)，店員態度高傲,https://www.facebook.com/taimocafe/,,
泰比咖啡,4.0 ★,4.0 ★,4.0 ★,5.0 ★,5.0 ★,5.0★,5.0 ★,週二~週日13:00 - 23:00,六張犁,台北市大安區樂業街68號,No,No,Yes,Chihi,咖啡好喝又便宜,https://www.facebook.com/CafeTabby/,,
挑豆院,4.0 ★,4.0 ★,,4.0 ★,4.0 ★,4.0 ★,4.0 ★,,台電大樓,台北市大安區羅斯福路三段269巷2-1號,,,No,Summer,,https://www.facebook.com/%E6%8C%91%E8%B1%86%E9%99%A2-1645727852330619/?fref=ts,,
半路咖啡halfway cafe,4.0★,4.0★,3.0★,4.0★,5.0★,4.0★,5.0★,12：00-24：00（週二公休）週一下午兩點營業,台電大樓,台北市大安區羅斯福路三段269巷51弄9號,NO,YES,YES,無我髮廊,低消一杯飲品,https://www.facebook.com/%E5%8D%8A%E8%B7%AF%E5%92%96%E5%95%A1-766746760013130/,,
喜鵲咖啡,5.0 ★,4.0 ★,4.0 ★,4.5 ★,4.0 ★,5.0 ★,3.5 ★,13:00-22:00,台電大樓,台北市大安區羅斯福路三段269巷74號,NO,YES,NO,,草莓芭樂牛奶好喝,,,
Aura微光咖啡,4.0 ★,3.5 ★,4.0 ★,4.0 ★,3.5 ★,5.0 ★,4.0 ★,,台電大樓,台北市大安區羅斯福路三段269巷9號,,Yes,No,Summer,,https://www.facebook.com/CoffeeAura/?fref=ts,,
城市草倉 C-tea loft,4.0 ★,5.0 ★,5.0 ★,4.5 ★,5.0 ★,5.0 ★,5.0 ★,,台電大樓,台北市大安區羅斯福路三段283巷19弄4號,No,Yes,Yes,Summer,茶好喝，提拉米蘇好吃。目前通常有座位，氣氛靜謐，非常適合讀書辦公,https://www.facebook.com/ctealoft/,,
日楞咖啡,4.0 ★,4.0 ★,3.0 ★,5.0 ★,4.0 ★,5.0 ★,5.0 ★,08:00-20:30 週二公休,台電大樓/古亭,台北市大安區浦城街24-1號,No,No,No,Rita Fan,餐點健康好吃，食材都是與台灣小農合作。假日需早點去才會有位子,https://www.facebook.com/hiryoucafe/,,
貳月咖啡,4.0 ★,4.0 ★,2.5 ★,3.5 ★,4.0 ★,4.5 ★,4.5 ★,11:00-19:00,東門/古亭/台電大樓,台北市大安區青田街13-1號,,,,,,https://www.facebook.com/february.tw/,,
鄰居咖啡Neighbor's Cafe,4.0 ★,4.0 ★,5.0 ★,3.5 ★,3.0 ★,4.0 ★,4.0 ★,營業時間：請對照FB上網頁說明,古亭站,台北市大安區青田街2巷4號,NO,收費20元,,,,https://www.facebook.com/Neighbors-Cafe%E9%84%B0%E5%B1%85%E5%92%96%E5%95%A1-468611039942612/,,
青田七六,,3.0 ★,2.5 ★,3.0 ★,\,3.0 ★,3.0 ★,11:30-21:00,東門/古亭/台電大樓,台北市大安區青田街7巷6號,Yes,No,No,Summer/Pam,不是一個適合讀書的地方，觀光客居多/有用餐時間限制，價位高，應該不屬於工作咖啡廳喔！(by Pam),https://www.facebook.com/geo76.tw/,,
暮光咖啡／Twilight Cafe,5.0 ★,4.5 ★,5.0 ★,5.0 ★,5.0 ★,5.0 ★,5.0 ★,"週一至週五 8:00-21:00
週六 8:00-17:00
週日公休",信義安和,台北市大安區仁愛路四段300巷26弄11號,No,Yes,No,David Kuo,交通方便，位於台北國泰醫院後面，由捷運信義安和站走過去只要2分鐘。除了有提供咖啡與茶飲之外，也有提供簡餐與點心。店家在一樓，除了門口有戶外桌位區外，裡面也有獨立空間可以預約做會議功能使用。,https://www.facebook.com/暮光咖啡Twilight-Cafe-1665415867046976/,,
Homie Cafe,4.0 ★,4.0 ★,3 ★,3.5 ★,3.5 ★,4.0 ★,4.0 ★,,忠孝敦化,台北市大安區仁愛路四段345巷2弄11號,假日限時,Yes,No,,,https://www.facebook.com/homiecafe/,,
Angle cafe',4.0 ★,4.0 ★,4.0 ★,4.0 ★,4.0 ★,3.5 ★,3.5 ★,,科技大樓,台北市大安區瑞安街206號,no,yes,,AJ,,https://www.facebook.com/AngleCafe/,,
水牛書店,2.5 ★,5.0 ★,5.0 ★,5.0 ★,4.0 ★,4.5 ★,3.0 ★,,科技大樓,台北市大安區瑞安街222巷2號,,有延長線,No,Ethen,適合工作，有一二樓可選，空氣佳，就是網路悲劇。,https://www.facebook.com/ShuiNiuWenHuaShiYe/,,
避世所,4.0 ★,4.0 ★,2.5 ★,4.0 ★,4.0 ★,4.5 ★,3.0 ★,,台電大樓,台北市大安區師大路49巷3號2樓,No,No,No,Nick,有貓咪，晚上不少人會去喝小酒，在師大夜市裡面,https://www.facebook.com/bistroO/,,
未央咖啡店,5.0 ★,5.0 ★,4.0 ★,5.0 ★,5.0 ★,5.0 ★,3.5 ★,12:30PM~01:00,科技大樓,台北市大安區四維路208巷10號,NO,YES ,NO,vik,"位於成功國宅旁邊的小巷，機車汽車停車都方便，成功國宅還有U-Bike，咖啡好喝，甜點都現做根本逼人買。
但希望大家不要湧入因為我想要安靜的工作。",https://www.facebook.com/BCmidnightcafe/?fref=ts,,
22Café - 22號咖啡館,,,,,,,,08:00-18:00，週二公休,科技大樓,台北市大安區四維路216巷22號,,,No,,平常人不多應該不吵。,https://www.facebook.com/22cafeBrunch/about/?ref=page_internal,,
極簡咖啡廳 minimal cafe,5.0 ★,5.0 ★,5.0 ★,5.0 ★,4.0 ★,4.0 ★,4.0 ★,12:00-23:00,古亭/台電大樓,台北市大安區泰順街2巷42號,無,是,否,,裡面有16隻貓，都很親人,,,
咖啡瑪榭通化店,2.5 ★,5.0 ★,3.0 ★,5.0 ★,5.0 ★,4.0 ★,3.0 ★,7:30-22:00(供餐至20:00),信義安和,台北市大安區通化街145號,NO,YES,NO,PedroChien/Vita,可能餐期以外的時間會比較安靜，不限時，早午餐很好吃，有自家烘培的咖啡。/假日15點後容易客滿，最好提早去，咖啡餐點佳，價位尚可，但網路爛，常得開自己手機分享到NB(By Vita),https://www.facebook.com/KaFeiMaXie/?fref=ts,,
欒樹下書房咖啡,5.0 ★,4.0 ★,5.0 ★,4.0 ★,4.0 ★,5.0 ★,3.5 ★,10:30-20:30 (21:30),台電大樓,台北市大安區溫州街24號,NO,YES,NO,Johnny Jiang,英式咖啡館氣氛，音樂與餐飲俱優。平日比較安靜,,,
路上撿到一隻貓,3.5 ★,4.0 ★,,4.0 ★,4.0 ★,5.0 ★,3.0 ★,13:00~02:00,台電大樓/公館,台北市大安區溫州街49巷2號,No,Yes,Yes,aphasia/Pam/vik,"下午才營業，低消一杯飲料(100出頭)，店貓可愛，架上書可自取閱讀，座位偏少，燈光美氣氛佳(光線不足)，音樂較大聲(by Pam)。
音樂屬於凝聚或活潑熱鬧，但個人覺得可以接受並舒適，不會算吵雜。[by Vik]",https://www.facebook.com/pages/%E8%B7%AF%E4%B8%8A%E6%92%BF%E5%88%B0%E4%B8%80%E9%9A%BB%E8%B2%93/564756903691983?fref=ts,,
統將咖啡溫州店,,,,,,,,周一到周六 10:00-20:00、周日12:00～20:30,台電大樓,台北市大安區溫州街74巷12號1樓,,,,,要在家自己動手沖咖啡可以去店裡看看 ,https://m.facebook.com/統將精選咖啡-163647123670428/,,
Picnic 野餐咖啡,5.0 ★,3.0 ★,5.0 ★,5.0 ★,4.0 ★,5.0 ★,4.5 ★,週一、二、三、六、日 ：13:00-23:30,台電大樓/公館,台北市大安區溫州街75號,No,Yes,YES,paypay,一個很舒服的空間，很適合做事情，餐點也都不錯，氣氛也好,https://www.facebook.com/picnicafe/,,
Congrats Café,5.0 ★,4.0 ★,4.5 ★,4.5 ★,4.0 ★,5.0 ★,5.0 ★,09:00-24:00,信義安和,台北市大安區文昌街47號2樓,No,還好,No,Ni,單品咖啡，茶都很好喝，店內不定時更換手做甜點，店內裝潢走工業風；一種小小工作室的感覺，非常有特色，適合窩著工作一整天,https://www.facebook.com/congratscafe.tw/,,
Miuya Cafe 米屋珈琲,4.0 ★,3.0 ★,4.0 ★,4.0 ★,3.0 ★,4.0 ★,5.0 ★,12:30-20:30,信義安和,台北市大安區文昌街49號,NO,,No,Eva/Vita,兩層樓，座位不多，但氛圍很好 / 餐點精緻但量不多280-350，咖啡好喝。假日中午會客滿，需要先預約或2點後再去。氣氛很放鬆，座位舒適，部分座位附檯燈(by Vita,https://www.facebook.com/miuyacafe/,,
巴黎米咖啡 Cafe 8mm,4.0 ★,4.0 ★,4.0 ★,3.5 ★,4.0 ★,3.5 ★,4.0 ★,,台電大樓/公館,台北市大安區新生南路三段60巷1號,Yes,Yes,No,aphasia,,https://www.facebook.com/Cafe8mm/,,
人性空間 新生南路店,?,3.5 ★,3.0 ★,2.0 ★,5.0 ★,3.0 ★,2.0 ★,"11:30AM - 23:00PM
",台電大樓/公館,台北市大安區新生南路三段60巷7號一樓,No,Yes,No,,以供應場地為主的消費方式；150買座位飲料無限暢飲，不限時可進出，可自帶外食、各種器材的店。氣氛輕鬆學生感很重。店內需脫鞋，有一半是地板座位。另有包廂場地可預約。 ,https://www.facebook.com/humanspace123/about/?ref=page_internal,,
Imperfect coffee(cafe),3.0 ★,4.0 ★,3.5 ★,4.0 ★,4.0 ★,4.0 ★,5.0 ★,10:30-22:30,公館,台北市大安區新生南路三段96-5號,No,Yes,No,Pam,咖啡廳在二樓，已提早到10:30營業，低消一杯飲料或一份餐點，套餐270/300，預約電話接到14:00，插座多(by Pam) 光線有點不足，咖啡品質幅度大，優點是可以坐一整天,https://www.facebook.com/imperfectcafe/,,
溫床 NEST,4.0 ★,3.0 ★,3.0 ★,4.0 ★,4.0 ★,4.0 ★,Yes,,東門,台北市大安區信義路二段198巷38號,,No,Yes,aphasia,空間迷你，座位極少。工作起來算是舒服，上面有蛋的三明治也蠻好吃的。,https://www.facebook.com/nest.taipei/,,
微客棧人文空間,5.0 ★,4.0 ★,4.0 ★,3.0 ★,5.0 ★,3.0 ★,3.0 ★,11:30~21:00,東門,台北市大安區信義路二段44巷10弄6號,NO,YES,NO,chakphet,低消一個品項，時間不限可坐整天，提供咖啡茶飲鬆餅義大利麵、海外弱勢社區手作商品，巷弄內可能要找一下，可包場提供麥克風投影幕音響,https://www.facebook.com/wakercoffee/,,
Powder Workshop,4.0 ★,4.0 ★,3.5 ★,4.0 ★,4.0 ★,4.0 ★,4.0 ★,9:00-18:00  (週二公休),東門,台北市大安區信義路二段86巷25號,No,Yes(靠牆都有插座),No,Yu,很適合安心小憩的地方，太陽灑出的光線很舒服，胚芽牛奶好喝！,https://www.facebook.com/powderworkshop/?ref=nf,,
At Home Cafe,無WiFi,5.0 ★,5.0 ★,5.0 ★,4.0 ★,4.0 ★,4.5 ★,12:30~20:00,大安,台北市大安區信義路四段30巷29號1樓,NO,NO,NO,,手沖咖啡好喝且選擇多，價格合宜，點心輕食也用心,,,
這間咖啡,5.0 ★,5.0 ★,4.0 ★,5.0 ★,3.0 ★,5.0 ★,5.0 ★,,大安,台北市大安區信義路四段30巷39號,NO,YES,NO,,,https://www.facebook.com/Zhejiancafe/,,
理想時光,4.5 ★,4.5 ★,4.5 ★,5.0 ★,4.5 ★,5.0 ★,4.5 ★,12:00-21:00 (周日公休),大安,台北市大安區信義路四段30巷50弄1號,NO,YES,NO(有吧檯區）,,咖啡好喝、牛肉麵等餐點超級好吃！而且友善親子！,,,
小孩散步 TOT Ta-Ta,5.0 ★,5.0 ★,5.0 ★,果汁5.0 ★,4.5 ★,4.5 ★,4.5 ★,12:00-21:00 週三公休,大安,台北市大安區信義路四段30巷52號,No,Yes,Ok,Yi,"非常溫馨安靜,就像在家裡, 老闆是一群可愛的年輕人",,,
敲敲咖啡 KNOCK KAFE,4.0 ★,4.0 ★,2.5 ★,3 ★,2.5 ★,4.0 ★,1 ★,,忠孝敦化/國父紀念館,台北市大安區延吉街126巷10號,,,,,,https://www.facebook.com/knockkafetaipei/,,
左道 MinDemons,5.0 ★,4.0 ★,4.0 ★,3.5 ★,3.5 ★,4.0 ★,5.0 ★,11:30-22:00（Lasr Order:20:00）／月第一週星期一公休,忠孝敦化/國父紀念館,台北市大安區延吉街70巷2弄5號,NO,YES,NO,Kuoyung,東區小巷內，非熱門時間相當安靜，適合工作。,https://www.facebook.com/MinDemons/,,
羊毛與花,4.0 ★,4.0 ★,4.0 ★,4.0 ★,4.5 ★,4.0 ★,4.0 ★,12:00~22:00,東門站,台北市大安區永康街37巷12號,,Yes,Yes,Cos,假日人多比較吵鬧,https://www.facebook.com/youmoutoohanacoffee,,
forgood 好多咖啡,4.0 ★,3.0 ★,3.0 ★,4.0 ★,3.0 ★,4.0 ★,4.0 ★,,東門站,台北市大安區永康街41巷12號,,,No,匿名浣熊,,https://www.facebook.com/forgoodcafe/,,
鴉埠咖啡 Yaboo,4.0 ★,3.5 ★,3.5 ★,4.0 ★,4.0 ★,4.0 ★,4.0 ★,12:00-24:00,東門站,台北市大安區永康街41巷26號,No,Yes,No,aphasia,外桌有吸煙區。有兩隻萌貓大加分，開到00:00加分！,https://www.facebook.com/yaboo.lalala/,,
小米酒咖啡館,4.0 ★,3.0 ★,5.0 ★,4.0 ★,4.0 ★,4.0 ★,4.0 ★,,東門站,台北市大安區永康街41巷5號,,Yes,No,aphasia,老闆會管制音量，店裡即使滿座也通常不會太吵。,https://www.facebook.com/cafexiaomijo/,,
慢步調咖啡館,5.0 ★,5.0 ★,5.0 ★,5.0 ★,4.0 ★,4.0 ★,5.0 ★,11:00-22:00(無公休日),忠孝復興,台北市大安區忠孝東路三段251巷1弄1號,NO,YES,YES,AJ,虹吸咖啡是最大特色賣點，自家烘豆也是。無限時，沒有賣飯麵影響咖啡風味。,https://www.facebook.com/slow.pace.cafe/,,
Peekaboo Coffee 彼咖舖咖啡,5.0 ★,5.0 ★,4.0 ★,4.5 ★,4.0 ★,4.0 ★,4.0 ★,13:00-22:00,忠孝復興,台北市大安區忠孝東路三段251巷7弄2號,無,是,是,,休息時間不定，要看 FB以免撲空，手沖單品不錯，冰滴建議加牛奶，司康好吃,https://www.facebook.com/PeekabooCoffee,,
COSTUMICE CAFÉ,4.0 ★,4.0 ★,,3.0 ★,3.0 ★,3.5 ★,Yes,,忠孝敦化,台北市大安區忠孝東路四段223巷71弄6號,,Yes,No,aphasia,飲品單價幾乎200+，晚上會有很多蝦趴夜店咖出沒，比較適合聊天聚會,https://www.facebook.com/costumice.cafe/,,
"兜味, doorway cafe",4.0 ★,3.0 ★,3.0 ★,4.5 ★,3.5 ★,4.0 ★,3.0 ★,,大橋頭,台北市大同區安西街36號,No,Yes,Yes,Bear,可以帶寵物去，有寵物鮮食，店長特調飲料都很不錯,https://www.facebook.com/2013doorwaycafe/,,
Nichi Nichi 日子咖啡,4.0 ★,3.5 ★,3.0 ★,4.0 ★,4.0 ★,4.0 ★,5.0 ★,,中山,台北市大同區赤峰街17巷8號,,,No,阿川,,https://www.facebook.com/cafenichinichi/,,
共楽,4.0 ★,3.5 ★,4.0 ★,,3.5 ★,5.0 ★,4.0 ★,,中山,台北市大同區赤峰街22號1樓,,,,,,https://www.facebook.com/gunglok/,,
ILHA FORMOSA CAFÉ,請去過的人評分,,,,,,,,中山,台北市大同區赤峰街41巷8號,,,,,,https://www.facebook.com/IlhaFormosaCafe/,,
上下誌空間 underon,5.0 ★,5.0 ★,4.0 ★,5.0 ★,4.0 ★,4.0 ★,4.0 ★,"週四至週一 12:30 - 21:30 
定休日：週二週三",圓山,台北市大同區大龍街231號2樓(大塊肉羹樓上),無,4~5個,No,,有結合展覽跟選品，是一個很酷的藝文空間，平日安靜好工作，飲料也好喝。（老闆娘熱情親切，有時候可以問一下有無彩蛋餐點及調酒）店長有隱藏技能：塔羅占卜,https://www.facebook.com/underonspace/,,
Modern Mode Café,請去過的人評分,3.5 ★,3.5 ★,,3.5 ★,4.5 ★,4.5 ★,,大橋頭,台北市大同區迪化街一段278號,,,,,,https://www.facebook.com/modernmode11/,,
392 café,4.5 ★,5.0 ★,4.5 ★,5.0 ★,4.0 ★,5.0 ★,3.5 ★,11:30~18:00(週三公休),大橋頭/北門,台北市大同區民生西路392號,NO,YES,NO,,,https://www.facebook.com/392cafe/,,
啡創工廠 Future Factory,5.0 ★,5.0 ★,3.5 ★,4.5 ★,4.0 ★,3.5 ★,4.5 ★,12:00-21:00,圓山,台北市大同區民族西路31巷18號,平日NO,YES,Yes,,,https://www.facebook.com/future.factory.coffee,,
蘑菇咖啡MOGU CAFE',,4.0 ★,3.0 ★,4.0 ★,4.0 ★,5.0 ★,5.0 ★,"週一到週四12:00 - 21:00 
週五到週六11:00-22:00",中山,台北市大同區南京西路25巷18-1號,no,yes,3F空間可,,"餐點、甜點、飲品皆是手作，分量很實在
空間氣氛很舒服，音樂好聽，有面大窗戶採光好
也可作包場服務
1樓賣設計商品、2,3樓是咖啡廳","https://www.facebook.com/boodaymogu/

http://www.mogu.com.tw",,
61 Note,,,4.0 ★,4.0 ★,4.0 ★,4.0 ★,5.0 ★,,中山,台北市大同區南京西路64巷10弄6號,No,No,No,Coby,日本人老闆，食物風味很日本，有塔可飯跟咖喱雞腿蠻好吃的。,https://www.facebook.com/61note-146703125380696/,,
找地方坐Have a seat,4.0★,5.0 ★,4.0 ★,4.0 ★,4.0 ★,5.0 ★,5.0 ★,11:30-21:30（週一公休）,中山,台北市大同區南京西路87-1號2樓,NO,Yes,No,Tsai,平日中午下午人比較少，咖哩飯加蔬菜可以吃飽，低消150元，每個位子都有插座，沒有限時間，可以定位，人多才要換桌,https://www.facebook.com/have.a.seat.tw/,,
角咖啡,5.0 ★,5.0 ★,5.0 ★,5.0 ★,5.0 ★,5.0 ★,4.0 ★,"週一、二、三、六、日 ：10:00-21:00
週四、五：10:00-18:00",中山,台北市大同區太原路131號2樓,No,Yes,No,,,https://www.facebook.com/trianglegardencafe/about/?ref=page_internal,,
CO77EE,5.0 ★,5.0 ★,4.0 ★,4.0 ★,5.0 ★,4.0 ★,5.0 ★,8AM~5PM (週一到週六),松山/台鐵松山站,台北市南港區市民大道七段7號,NO,Yes,NO,Tiger Tiger,"黑咖啡(非深焙)、小農鮮奶及拿鐵、店家自家手作輕食，
舉辦咖啡品嚐、分享及訓練課程，
2016歐洲電影展播放場地，微型畫展，手作課程...
捷運(綠線)松山站 #4A出口步行一分鐘 ；(藍線)後山埤站 #4出口步行6分鐘；
松山火車站 東出口步行一分鐘；汽車、機車停車場 (CityLink、松山火車站、松山國小)",https://www.facebook.com/Co77ee-77%E5%92%96%E5%95%A1-954789644564148/,"25°02'58.6""N","121°34'51.5""E"
Seeking Café,4.0 ★,4.0 ★,3.5 ★,4.5 ★,4.0 ★,5.0 ★,4.0 ★,09:00-21:00 (週一09：00-19：00),葫洲,台北市內湖區成功路五段420巷11號1樓,NO,YES,YES (坐地上也可以),2723T,咖啡好喝程度受當天值班是哪位影響程度大,,,
肯達咖啡,5.0 ★,4.0 ★,3.0 ★,4.0 ★,4.5 ★,4.5 ★,4.0 ★,10:30-19:00,西湖,台北市內湖區環山路一段28巷17號,NO,YES,NO,chihyi1980,中午的時候上班族略多，其它時間還好,http://kantatacoffee.blogspot.tw/,,
Caffè Le MANI 琢手咖啡,請去過的人評分,,5.0 ★,,,,,,,台北市內湖區民權東路六段234-5號,,,,,,https://www.facebook.com/caffelemani/,,
BS and Drink,請去過的人評分,,,,,,,,,台北市內湖區瑞光路11號,,,,,,https://www.facebook.com/bsanddrink/,,
Moooon River Cafe & Books,4.0 ★,2.0 ★,4.0 ★,5★,1 ★,5.0 ★,3.0 ★,,港墘,台北市內湖區瑞光路218號,yes,yes,No,Eva,從港墘走過去大概要快10分鐘。華麗浮誇圖書館路線，座位不多，假日人很多.....,https://www.facebook.com/moooonriver/,,
咖啡小劇場 Cafe Theatre,,5.0 ★,4.5 ★,5.0 ★,5.0 ★,4.0 ★,3.5 ★,10:00-21:30(週六公休),港墘/文德,台北市內湖區文德路22巷9弄66號,NO,NO,NO,Abel Chen,高難度的直火烘培咖啡，產地特色相當突出,https://www.facebook.com/cafetheatretaipei/,,
joker咖啡,4.5★,4.5★,4.5★,4★,4.5★,4★,3.5★,,文德,台北市內湖區陽光街275號1F,NO,NO,NO,,,https://www.facebook.com/JokeR.taipei/,,
Changee 噪咖,4.0 ★,4.0 ★,3.0 ★,4.0 ★,4.0 ★,5.0 ★,5.0 ★,12:00-21:00,芝山,台北市士林區福華路180號,NO,YES,NO,,偶遇活動會比較吵雜，但平日營業時間滿安靜適合工作，桌面超大 XD,https://www.facebook.com/noisekitchen.tw/,,
流浪觀點,5.0 ★,5.0 ★,3.0 ★,5.0 ★,5.0 ★,2.0 ★,5.0 ★,12:00-24:00 ,士林,台北市士林區福壽街13號1樓,NO,YES,NO,丘,很多古董很怪卻很棒的店,https://www.facebook.com/流浪觀點,,
Orange看電車咖啡館,3.5 ★,4.0 ★,4.0 ★,4.0 ★,4.0 ★,4.0 ★,4.0 ★,,士林,台北市士林區文林路302號,No,Yes,No,阿川,使用插座要收費，網路訊號有點糟，位子後面一點完全收不到,https://www.facebook.com/Orange%E7%9C%8B%E9%9B%BB%E8%BB%8A%E5%92%96%E5%95%A1%E9%A4%A8-177610632275101/,,
HOK-House of Kuo 郭元益的家,5.0 ★,5.0 ★,4.0 ★,4.0 ★,4.0 ★,5.0 ★,5.0 ★,08:00-21:00,士林,台北市士林區文林路526號,NO,Yes,YES,Dora Chen,中西式餐點多元化，都在水準之上，網路穩定，大多有空位,https://www.facebook.com/HOK.house.of.kuo/,,
Jardin Z芝山園咖啡,4.5★,5.0★,4.5★,4.5★,4.5★,5.0★,4.0★,週二-週五 9：00-19：00/週六-週日 9：00-21：00,,台北市士林區雨聲街63號,No,Yes,Yes,Yu-an Jin,,https://www.facebook.com/Jardin-Z%E8%8A%9D%E5%B1%B1%E5%9C%92%E5%92%96%E5%95%A1-577526245718869/,,
ZABU COFFEE ROASTER,3.0 ★,4.0 ★,1.0 ★,5.0 ★,4.0★,4.0★,3.0★,12:00-23:00 週三公休,,台北市士林區中山北路七段175號一樓,no,no,no,,有兩隻貓，音樂好聽，氣氛好，自家烘焙咖啡，推薦冰滴，甜點也好吃。,https://www.facebook.com/Zabu食堂咖啡烘培-存在榕樹下-402977626444567/,,
Humble beginnings Café,4.0 ★,3.5 ★,3.5 ★,4.0 ★,3.5 ★,4.0 ★,2.5 ★,,台電大樓站,台北市士林區中山北路七段36-1號,No,Yes(大概有7個),Yes,HydraGa,在天母圓環上面的中山北路上，平日大多都會有位置，假日可能位置少一些,https://www.facebook.com/humblebiginningscafe/,,
Full of beans充滿豆豆咖啡館-台北藝文空間,5.0 ★,5.0 ★,5.0 ★,5.0 ★,4.0 ★,4.0 ★,3.0 ★,12:00-18:00（週一公休）,南京復興,台北市松山區八德路二段346巷5弄25號1樓,NO,YES,NO,,"直火烘焙,自家手做可遇不可求甜點,手工披薩,常備10多種手沖單品,販售咖啡豆與濾掛咖啡和器材,場地出租與咖啡課程",https://www.facebook.com/FOBcafe.gallery/,,
FIX coffee & some more,4.0 ★,4.0 ★,3.5 ★,3.5 ★,3★,4.0 ★,3.0 ★,,台北小巨蛋,台北市松山區八德路三段8巷21號,,還好,n0,AJ,價位偏高，餐點還可以,https://www.facebook.com/coffeefixyou/,,
由你咖啡,4.0 ★,3.0 ★,3.5 ★,4.0 ★,3.5 ★,4.0 ★,4.0 ★,,南京三民,台北市松山區八德路四段245巷52弄29號 ,No,Yes,No,Maras,餐點好吃 每個座位都有插頭 沒有插頭可以跟店員要延長線~~~~~~~~~~~~~~~~~~~~~~~~~~~~~~~~~~~，位置偏少，可預約，低消一杯飲料,https://www.facebook.com/unionkaffe/,,
小樽手作咖啡廳,3.5 ★,3.5 ★,3.5 ★,4.0 ★,3.5 ★,3.5 ★,4.0 ★,,南京三民,台北市松山區東興路23號,No,YES(靠牆的都有插座),NO,橘之介,目前在重新裝修中，但不知道裝修完後還是不是咖啡廳，前面資訊都是裝修前的。裝修完後會再來修正,https://www.facebook.com/OTARU.coffee/,,
BooGoo布咕Cafe,5.0 ★,4.0 ★,4.0 ★,5.0 ★,4.0 ★,4.0 ★,4.0 ★,週一-週五: 12:00 - 20:00 / 週六-週日: 11:00 - 20:00,南京復興,台北市松山區敦化北路120巷19號,NO,YES,NO,David,不止咖啡好喝，咖哩飯也好好吃。,https://www.facebook.com/boogoocafe/,,
Bison Cafe 敝所咖啡,4.0 ★,5.0 ★,4.0 ★,5.0 ★,3.5 ★,4.0 ★,3.5★,"9a.m.–2p.m., 5:30–9p.m",,台北市松山區富錦街507號,NO,YES,NO,Luckydog8796,位子大、餐點選擇豐富、但是親子寵物友善餐廳所以週末人會有點多、有特色咖啡,https://www.facebook.com/bisoncoffee/,,
Coffer Coffee 咖啡箱,5.0 ★,5.0 ★,5.0 ★,5.0 ★,4.0 ★,5.0 ★,5.0 ★,"週二至周四、週日 12:00-22:00
周五、週六 12:00-24:00
週一公休",忠孝復興,台北市松山區復興南路一段47巷7號,無,Yes,No,,招牌的冰滴咖啡非常吸引人，老闆與員工服務態度非常好，很適合工作、聚會聊天，店家有提供免費的WiFi跟插座，還有全日供應的三明治、義大利麵等餐點，很輕鬆自在的一家店。,https://www.facebook.com/coffer.coffee/,,
有心咖啡A Thoughtful Place,4.0 ★,4.5 ★,4.0 ★,4.5 ★,4.0 ★,4.0 ★,5.0 ★,11:00-22:00 (週日公休),南京三民,台北市松山區光復北路103巷38號,No,Yes,Yes(吧台可),,周日公休。據說店內簡餐使用有機小農作物，挑嘴朋友表示好吃。冰箱有各種MIT啤酒！,https://www.facebook.com/thoughtfulplace/,,
小破爛 Café Junkies,3.5 ★,4.0 ★,4.0 ★,4.0 ★,4.0 ★,4.0 ★,4.0 ★,07:30-20:00,台北小巨蛋,台北市松山區健康路9號,,Yes,No,aphasia,平日從早上7:30開到晚上8:00。常有上班族在那裡貌似開會或談事情，不算安靜。,https://www.facebook.com/CafeJunkies/,,
Quel Café - 克爾‧何等的咖啡,1.0 ★,3.0 ★,2.0 ★,5.0 ★,5.0 ★,5.0 ★,5.0 ★,"週一到週五 8:00-18:00
週六: 10:00-17:00",中山國中,台北市松山區民權東路三段140巷2號之1 ,NO,NO,YES,NOMI,,https://www.facebook.com/QuelCafe/,,
穿越九千公里交給你了唷,5.0 ★,5.0 ★,3.5 ★,5.0 ★,4.0 ★,5.0 ★,4.0 ★,13:00~23:00（週一14:00開店）,中山國中,台北市松山區民權東路三段160巷19弄16號,NO,YES,YES（工業風地方大）,Michael,手沖咖啡、蛋糕、寬敞的位置和插座很適合久坐，累了空間也夠大可以休息走走，還可以帶衣服來洗+烘舒舒服服帶回家，客人素質高，店狗Golden連男神女神藝人都愛。,https://www.facebook.com/travelled9000km/,,
A Place Cafe,5.0 ★,5.0 ★,5.0 ★,5.0 ★,4.0 ★,5.0 ★,5.0 ★,10:30AM - 7:00PM,中山國中,台北市松山區民權東路三段160巷19弄32號,NO,YES,NO,,空間大、咖啡餐點都優，門口有張大木桌非常適合工作，寵物友善空間,https://www.facebook.com/aplacecafe/?fref=ts,,
Milkglider Latteartist Unity,4.0 ★,3.5 ★,4.0 ★,3.5 ★,4.0 ★,4.0 ★,3.0 ★,,中山國中,台北市松山區民權東路三段160巷19弄36號,No,No,No,,有隻店貓；店深處燈光不足；咖啡拉花極神，表演性很強的一家店,https://www.facebook.com/Milkglider/,,
果子咖啡 Gozcafe,4.0 ★,5.0 ★,4.0 ★,4.0 ★,5.0 ★,3.5 ★,3.5 ★,"週一到週五 7:30-23:00
週末及國定假日: 09:00-21:00",南京復興,台北市松山區民生東路三段140巷11號,NO,YES,NO,,下午2點後有低消100元，其餘時段1杯飲料，不限時間，可做包場聚會，文湖線南京復興站7號出口下去後直走慶城街轉興安街，錢都涮涮鍋旁。,https://www.facebook.com/gozcafefans/,,
meromero 美蘿咖啡館,5.0  ★,5.0  ★,5.0 ★,5.0 ★,5.0 ★,5.0 ★,5.0 ★,10:00 - 23:00,,台北市松山區民生東路四段55巷30號,NO,YES,yes,Akuo Lim,"免費提供無線網路、插座。書、漫畫、電影、人。
經常播放好聽的獨立音樂，能吃飽的除了吐司/三明治類，還有日式炒麵、雲林特產三角大水餃，使用不繡鋼吸管、硅藻土杯墊；
有双衛 + 免治馬桶座，及配備液晶電視與無線投影的方便小包廂。",https://www.facebook.com/cafemeromero/?fref=ts,,
勺子雜貨咖啡 Spoongoods & cafe,5.0 ★,5.0 ★,5.0 ★,5.0 ★,5.0 ★,5.0 ★,5.0 ★,一~六 10:00-21:00 日10:00-18:00,松山機場,台北市松山區民生東路四段97巷4弄2-1號,No,Yes,No,,是一家有很多現做餐點的咖啡店，有早午餐、三明治、義大利麵、燉飯、鬆餅、手工蛋糕，咖啡好喝，環境安靜，還有賣很多歐美日的雜貨，店內不大但無限時。,https://www.facebook.com/spoongoods/,,
虎屋咖啡,4.0 ★,5.0 ★,4.0 ★,4.0 ★,3.0 ★,5.0 ★,3.0 ★,11:00-21:00,南京三民,台北市松山區民生東路五段36巷8弄20號,,,no,Chiara Kung,低消有點難達成，不能只點一杯飲料，假日會有小孩,https://www.facebook.com/hooooo.cafe/,,
Remember Me_記得我．Café,4.0 ★,3.5 ★,4.0 ★,4.0 ★,4.0 ★,4.5 ★,4.0 ★,星期二至六12:00-02:00 星期日、一12:00-22:30,台北小巨蛋站,台北市松山區南京東路四段133巷4弄16號,NO,Yes,no,AJ,"會有歌唱表演，建議去前先上網看看，每次去都沒位置所以遲遲未進去XD""",https://www.facebook.com/remembermecafe/?fref=ts,,
PK Caffè,4.0 ★,2.0 ★,3.0 ★,5.0 ★,4.0 ★,4.0 ★,4.0 ★,7:30-17:00（週三公休）,南京三民,台北市松山區南京東路五段123巷8弄2號,NO,,NO,,咖啡、餐點非常推薦。空間不大，適合個人或兩人同行。使用插座酌收$10，不限時間。,https://www.facebook.com/pkcaffe/,,
紅雪啡啡,5.0 ★,5.0 ★,4.0 ★,4.0 ★,3.5 ★,4.0 ★,5.0 ★,09:00–01:00,南京三民,台北市松山區南京東路五段167號,NO,YES,Yes,Spark,空間大、座位舒適，除了咖啡以外尚有販售紅酒,https://www.facebook.com/groups/1801395823412457/,,
六號水門咖啡,5.0 ★,5.0 ★,5.0 ★,5.0 ★,4.0 ★,5.0 ★,No,11:00-21:00 周三店休,,台北市松山區塔悠路332號,NO,YES,No,Weiwei,手沖咖啡品項多又好喝，附近停車便宜車位多，店內非常舒服。,https://www.facebook.com/gate6.tw,,
Aroma corner,3.0 ★,5.0 ★,4.0 ★,5.0 ★,5.0 ★,5.0 ★,3.0 ★,10:00-18:00,松山機場,台北市松山區新中街43號,NO,YES,NO,Ling,單品咖啡與茶葉選項豐富，價格合理，對面有公園，景觀好。,https://www.facebook.com/aromacorner.tw/,,
樂樂咖啡,4.5 ★,4.0 ★,3.5 ★,4.5 ★,4.0 ★,4.0 ★,4.0★,10:00-21:00,南京三民/松山機場,台北市松山區延壽街129號,NO,Yes,No,Pelle,早餐很好吃，咖啡好喝,https://www.facebook.com/cafelakulaku/,,
左先生咖啡Dousun Cafe',4.0 ★,3.0 ★,3.0 ★,4.0 ★,3.5 ★,4.0 ★,3.0 ★,14:30-03:00(週二、週三公休）,南京三民/松山機場,台北市松山區延壽街139號,,Yes,No,Summer,"假日人偏多，平日可能還好，小沙發好舒適！ 週二週三公休(by, Liou)",https://www.facebook.com/mrzuodousuncafe/?fref=ts,,
All Day Roasting Company,4.5 ★,3.0 ★,3.0 ★,4.0 ★,2.0 ★,5.0 ★,3.0 ★,10:00-23:00,南京三民/松山機場,台北市松山區延壽街329號,NO,Yes,Yes,Joseph,假日人多，但空間超舒適，很多型男型女出入,https://www.facebook.com/alldaycompany/,,
i Cafe,4.0 ★,4.0 ★,4.0 ★,4.0 ★,4.0 ★,4.0 ★,5.0 ★,,西門站,台北市萬華區西寧南路82巷2號,NO,YES,Yes(吧台可),Sid,蛋糕超好吃QQQ 。假日限時兩小時。,https://www.facebook.com/icafe20121221/,,
天島咖啡TenshimaCafe,5.0 ★,5.0 ★,3.5 ★,4.0 ★,4.0 ★,4.0 ★,5.0 ★,11:00-22:00（週一公休）,景美,台北市文山區羅斯福路六段311號,NO,YES,NO,ＫＩＷＩ,"低消一杯飲品,座位多,環境舒適,店員熱情,老闆好客,南洋特色餐點,好吃",https://www.facebook.com/tenshimacafe/,,
DreamGo Bar,5.0 ★,5.0 ★,4.0★,4.0★,5.0 ★,4.0 ★,4.0 ★,週一到週五 8:00-17:00 週六10:00-16:00,萬芳醫院,台北市文山區興隆路三段56號,No,YES,YES,Vincent,餐點、咖啡價格超級平價，店內插座又多,https://www.facebook.com/dreamgobarcute,,
Vinyl Decision 黑膠咖啡,5.0 ★,5.0 ★,5.0 ★,4.0 ★,4.0 ★,5.0 ★,5.0 ★,週一至週五 14:00-22:00，六日12:00-22:00 ,六張犁,台北市信義區崇德街38巷6號,無,4~5個,可,,擁有大量的黑膠唱片，可自由聆聽，爵士和搖滾為主，音響特佳，可久坐。,https://www.facebook.com/VinylDecision/,,
深caf,請去過的人評分,4.0 ★,4.0 ★,3.5 ★,4.0 ★,4.0 ★,4.0 ★,,永春,台北市信義區虎林街143號1樓,,,No,,假日人多，有輕食簡餐，咖啡食物中等，吃早午餐還不錯。,https://www.facebook.com/deepcafedeepcafe/,,
萃咖啡,5.0 ★,5.0 ★,5.0 ★,5.0 ★,4.0★,4.0 ★,5.0 ★,"週一：11:30-17:30
週二三四：10:30-19:30
週五六日：10:00-20:00",永春,台北市信義區虎林街164巷19-1號,No,yes,No,,交通方便，店內安靜，非常適合靜下心來待著享受咖啡香，店內以咖啡飲品為主，亦有提供簡易的輕食、點心。,https://www.facebook.com/%E8%90%83%E5%92%96%E5%95%A1-429144770627227/?fref=ts,,
PEG配個咖啡吧,4.0 ★,4.0 ★,4.0 ★,4.0 ★,4.0 ★,4.0 ★,4.0 ★,14:00-20:00,六張犁站,台北市信義區嘉興街309號,NO,Yes,NO,,店內有大量海賊王布偶及海報，海賊風格咖啡店。手沖為主力，甜點極佳。僅平日供應鬆餅，假日無熱食。低消一杯飲品。,https://www.facebook.com/PEGCoffee/,,
Stone Espressobar,4.0 ★,4.0 ★,4.0 ★,4.0 ★,4.0 ★,4.0 ★,4.0 ★,13:00-22:00  (週二公休),永春,台北市信義區松山路304號,,Yes,No,,是間小店，二樓有隔間設計，每個隔間有一個插座,https://www.facebook.com/stoneespressobar/,,
Orange days(Welback吳興店),5.0 ★,4.0 ★,3 ★,5.0 ★,4.0 ★,5.0 ★,3 ★,08:00-20:00,台北101/世貿,台北市信義區吳興街52號,No,Yes,No,Pan,裝潢用心 背景音樂好聽 空位多 甜點普通,https://www.facebook.com/orangedays52/,,
威爾貝克手烘咖啡 吳興店,4.0 ★,3.0 ★,4.0 ★,4.0 ★,5.0 ★,4.0 ★,3.0 ★,07:30 - 20:00,台北101/世貿,台北市信義區吳興街52號,No,YES,YES,Gogo,店內喝咖啡很free 自己挑喜歡的座位就坐下來吧！,https://www.facebook.com/orangedays52/,,
Woolloomooloo XY,,4.0 ★,3.0 ★,4.5 ★,3.5 ★,4.5 ★,5.0 ★,07:30-24:00,台北101/世貿,台北市信義區信義路四段379號,YES,No,Yes,,甜點跟餐點（鹹食、正餐）都超級好吃！但環境有點吵，建議自備耳機。,https://zh-tw.facebook.com/woolloomoolooTaipei/,,
NOT ONLY CAFE,5.0 ★,5.0 ★,4.0 ★,5.0 ★,4.0 ★,4.0 ★,5.0 ★,11:30-21:30 無公休,市政府,台北市信義區永吉路30巷158弄21號,無,YES,NO,,單品咖啡相當有水準，義式咖啡更是不在話下，重點是寬大的座位，以及舒適開放的環境，很適合辦公作業談正事談旅遊事，店內的燻雞鬆餅更是常客的最愛,https://www.facebook.com/notonlycafe/,,
味旅 vojago,4.0 ★,4.0 ★,5.0 ★,5.0 ★,4.0 ★,4.0 ★,4.0 ★,,市政府,台北市信義區永吉路30巷158弄9號,假日限時,no,No,Kenzy,,https://www.facebook.com/vojago.coffee/,,
巢 nido,,1.0 ★,5.0 ★,5.0 ★,1.0 ★,3.5 ★,4.0 ★,"大約 2pm-12am   公休日：每月6、16、26日及不定休
",市政府,台北市信義區忠孝東路五段183號2樓,,YES,,LeeoLee,這裡空間不大，座位不多，為了減少大家白跑一趟的情況，這裡可以訂位，但目前訂位以來過這裡的朋友為主，若你還沒來過，訂位以2人為限,https://www.facebook.com/pg/nidofordreamers/about/?ref=page_internal,,
聞山咖啡 永春有貓店,5.0 ★,4.0 ★,4.0 ★,4.0 ★,2.0 ★,4.0 ★,5.0 ★,13:00 - 22:00,永春,台北市信義區忠孝東路五段372巷27弄73號-1,No,yes,NO,,交通方便，插座多，但價錢偏高且咖啡外只有簡單的點心,https://www.facebook.com/wenshancats/?ref=page_internal,,
吉印,4.5★,5.0 ★,5.0 ★,4.5 ★,4.0 ★,5.0 ★,4.5 ★,周二公休 14:00-23:45(因為老闆會提醒 改編者choujly),永春,台北市信義區忠孝東路五段492巷14號,No,Yes,No,Hanayu,老闆收藏很多古物，很酷；單品好喝，但店內通常只有吧台一人，用kono濾杯手沖，速度稍慢，要稍等一會。,https://www.facebook.com/jiyinn/,,
Miao米亞歐隨義小廚,4.0 ★,3.5 ★,4.0 ★,4.5 ★,3.0 ★,4.5 ★,4.5 ★,11:30-21:00(週一公休),市政府,台北市信義區忠孝東路五段71巷32號,YES,YES,NO,Silent Night,店家有養貓，對貓咪/貓毛過敏者請注意。食物飲料價格稍微偏高但用料實在。下午兩點至五點半不供應正餐(飲料/下午茶正常出餐)。不接受預約，可當日電話去電排隊/現場候位。用餐時間原則上以兩小時為限，若人少時不會趕人。有參與LINE POINT集點活動。,https://www.facebook.com/Miaorestaurant/,,
Let's meet F2F Café,5.0 ★,5.0 ★,5.0 ★,5.0 ★,4.0 ★,5.0 ★,4.0 ★,11:00-23:00,台北101/世貿,台北市信義區莊敬路391巷11弄3號,NO,Yes,No,Elaine,安靜、人少、餐點精緻、價格合理、插座超多。,https://www.facebook.com/pg/letsmeetf2f/about/?ref=page_internal,,
WUTZ,請去過的人評分,3.5 ★,4.0 ★,3.5 ★,3.5 ★,4.0 ★,3.5 ★,,,台北市中山區八德路二段176號,,,,,價格稍貴，座位也不多，離捷運站有點遠,https://www.facebook.com/wutz.tw/,,
FabCafe,4.0 ★,4.0 ★,3.5 ★,3.5 ★,4.0 ★,4.0 ★,3.5 ★,,忠孝新生,台北市中山區八德路一段1號,,Yes,Yes,阿川,店內有3D印表機供租用，很酷,https://www.facebook.com/FabcafeTaipei/,,
杜鵑窩 CUCKOO's NEST,5.0★,5.0★,4.0★,5.0★,4.0★,5.0★,5.0 ★,13:30 - 00:30,大直,台北市中山區北安路458巷41弄52號,NO,Yes,NO,,飲料食物都很好吃，還有賣水餃，從下午坐到半夜都ok，店貓會晃來晃去,https://www.facebook.com/CUCKOOSNESTCAFE/,,
穆勒咖啡館 Cafe Muller,4.0 ★,4.5 ★,4.3 ★,5.0 ★,4.0 ★,5.0 ★,4.5 ★,日~四 11:30~23:00  五~六 11:30~凌晨1:00,大直,台北市中山區北安路595巷33號,NO,YES,NO,,使用公平貿易咖啡，餐點原物料都很實在美味～店裡常播放小眾音樂，書多還有一些經典漫畫！禮拜五固定有樂手駐唱,https://www.facebook.com/%E7%A9%86%E5%8B%92%E5%92%96%E5%95%A1%E9%A4%A8-106449009394195/,,
Balcony 陽台 Café,4.0 ★,5.0 ★,4.0 ★,4.0 ★,4.0 ★,4.0 ★,4.0 ★,11:00 - 22:00，週一公休,大直,台北市中山區大直街34巷20號2F,NO,YES,NO,,有手作蛋糕餅乾、三明治和咖啡、比利時啤酒，甜點超美味～,https://www.facebook.com/balconycafe2F/,,
庫卡咖啡,5.0 ★,4.0 ★,4.0 ★,?,4.0 ★,4.0 ★,3.0 ★,08:00-20:00,大直,台北市中山區大直街57巷5號,No,Yes,No,,桌面寬度與高度很適合筆電工作。個人推薦飲料為橙皮可可。位置在巷內要找一下，咖啡品質由於本人不喝咖啡等其他人補充囉。,https://www.facebook.com/庫卡咖啡-KOOKA-COFFEE-100431256694014/,,
cafe wien,4.0 ★,4.0 ★,4.0 ★,4.0 ★,4.0 ★,5.0 ★,5.0 ★,,民權西路,台北市中山區撫順街41巷3號,,Yes,No,阿川,店內音響非常好，會放很好聽的jazz,https://www.facebook.com/cafewienTPE/,,
SD Coworking Plaza ,5.0 ★,5.0 ★,4.0 ★,4.0 ★,4.0 ★,5.0 ★,4.0 ★,"周一到周五 9:00-18:00(18:00後只出不進) 假日可預約時間  (月租的話是24小時自由進出)
",,台北市中山區合江街102巷18號,單日票/月租(24小時自由出入),每個座位都有2-3個插座,NO,,"原木桌+人體工學椅+很多的插座，wifi速度快，有1F&2F環境安靜、氣氛很好、態度親切、採光充足。門口可以停機車。
出入有門禁控管，不用擔心隨身物品。工作室的感覺，空間寬敞，有大沙發可以偷閒+曬日光浴。
建議提早預約時間。自家單品咖啡、紅茶自助式無限量供應。有販售輕食、自家單品咖啡豆。
B1 有空間可以辦活動跟會議。 公車站:合江街口",https://www.facebook.com/sdflat/,,
儲房咖啡館,4.0 ★,4.0 ★,4.5 ★,5.0 ★,3.5 ★,5.0 ★,4.0 ★,,南京復興/松江南京,台北市中山區建國北路一段67巷29號,No,Yes,Yes,Clasina,"環境很不錯 還有賣花花的小區域,但整體比較安靜,不適合慶生或比較多人的聚會；假日人很多",https://www.facebook.com/ministoragecafe/,,
ISAAC CAFE 撒子咖啡甜點店,,5.0 ★,5.0 ★,,4.0 ★,4.0 ★,4.0 ★,11:30 - 20:30,劍南路,台北市中山區樂群三路77號,NO,YES,,MO,蛋糕好吃,https://www.facebook.com/ISAAC.DESSERT/?fref=ts,,
公園咖啡 Le Park,4.5 ★,4.0 ★,3.5 ★,4.0 ★,4.0 ★,3.5 ★,5.0 ★,,南京復興,台北市中山區遼寧街146號,,Yes,No,aphasia,,,,
T-park cafe&eatery,4.5 ★,5.0 ★,4.0 ★,4.0 ★,4.0 ★,5.0 ★,3.5 ★,11:30-22:00（週一公休）,中山,台北市中山區林森北路107巷10號,no,超多,yes(2F),Victor,這間超舒服，空間無敵寬敞，平日不限時，坐累了還可以完它提供的桌遊、籃球機、大型遊戲機。,https://www.facebook.com/TPARKCAFE/?fref=ts,,
創咖啡 TRUST CAFÉ,4.0 ★,4.0 ★,4.0 ★,3.5 ★,4.0 ★,4.0 ★,5.0 ★,13:30-22:00,中山國中,台北市中山區民權東路三段60巷7號7號,No,Yes,No,阿川,低消150元，附一杯飲料和甜點，插座很多可以坐一整天~,https://www.facebook.com/trustcafe/,,
IT Cafe,4.0 ★,5.0 ★,4.0 ★,5.0 ★,4.0 ★,5.0 ★,5.0 ★,09:00–22:00,大直,台北市中山區明水路575號.B1,NO,YES,YES,阿翔,"餐點好吃,空間設計感佳,咖啡屬於頂級精品",https://www.facebook.com/itcafe2/?fref=ts,,
Greeny Cafe 菜鳥咖啡,4.0 ★,5.0 ★,5.0 ★,5.0 ★,4.0 ★,5.0 ★,5.0 ★,12:00 - 21:00，週日公休,南京復興,台北市中山區南京東路3段109巷1號,NO,YES,NO,,提供蔬食料理、自製手做甜點，蛋糕好好吃~，環境舒適安靜，適合soho工作者,https://www.facebook.com/greenycafe/,,
BitterSweet 三創店,5.0 ★,5.0 ★,4.0 ★,5.0 ★,4.0 ★,3.5 ★,4.0 ★,11:00-21:30,忠孝新生,台北市中山區市民大道三段2號11樓,NO,YES,YES,,等電梯要有耐心，除了咖啡也有精釀啤酒。廁所五星級，偶而還可以遇到郭董！XD,https://www.facebook.com/pages/Bittersweet-%E4%B8%89%E5%89%B5%E5%BA%97/1743145149254347?fref=ts,,
Crew Cafe,4.0 ★,5.0 ★,5.0 ★,5.0 ★,4.0 ★,5.0 ★,5 ★,12:00-22:00(周一公休),忠孝新生捷運站,台北市中山區松江路1-1號,NO,YES,YES,,具有特色的劇場風格咖啡廳，咖啡好喝，經常有出奇不意的表演，非常適合團體開會討論。,,,
Mr.Brown Cafe' 松江店,5.0 ★,5.0 ★,3.5★,3★,3★,3★,5★,07:30~22:00,行天宮,台北市中山區松江路332號,NO,YES,NO,Arther,有四層樓，座位多！,,,
Dream cafe 未來咖啡,5.0 ★,5.0 ★,4.0★,4.0★,5.0 ★,4.0 ★,5.0 ★,"11:00 - 20:00
",行天宮,台北市中山區松江路362巷22號1樓,No,YES,No,Jeff,價格便宜，插座超多,https://www.facebook.com/616DreamCafe/,,
嵐山咖啡,4.0 ★,5.0 ★,3.0 ★,5.0 ★,5.0 ★,3.5 ★,4. 5 ★,週一至週五 10:00-20:00 週六 10:00-18:00/ 週日公休,中山國小,台北市中山區新生北路三段45號,,,,,,,,
Old Major Coffee,5.0 ★,5.0 ★,4.5★,5.0 ★,4.5 ★,5.0 ★,4.5 ★,10:00 - 21:00,中山國小,台北市中山區新生北路三段45號,No,Yes,Yes,fclover,很適合業務充電休息，店內提供躺椅給客人小瞇一下，躺椅背對門口非常適合注重隱私的人。wifi訊號強，網路快，咖啡好喝，鬆餅帕里尼都好好吃！,https://www.facebook.com/oldmajorcoffee,,
小，黑珈琲,5.0 ★,5.0 ★,5.0 ★,4.0 ★,4.0 ★,4.0 ★,3.5 ★,12:00-22:00,忠孝新生,台北市中山區新生北路一段11-5號1樓,No,Yes,No,Weihsiang,有貓、很像一般公寓、燈光略為昏黃，不過這部分應該各有所好 ,https://www.facebook.com/catjld.coffee/,,
沐鴉咖啡,4.0 ★,3.0 ★,4.0 ★,4.0 ★,3.5 ★,4.0 ★,3.5 ★,,松江南京,台北市中山區伊通街19巷8號,No,Yes,Yes,阿川,,https://www.facebook.com/mooyacafe/,,
里山咖啡,4.0 ★,3.0 ★,3.0 ★,4.5 ★,4.5 ★,4.0 ★,5.0 ★,11:00-2100,松江南京,台北市中山區伊通街66巷17號,Yes,Yes,Yes,Cos,假日早點去比較有位子，食物好吃，偶爾二樓會辦活動，要去的時候記得到粉絲團看有沒有被包場,https://www.facebook.com/STYMCafe/?fref=ts,,
artco 典藏咖啡廳 - 長安店,4.0★,5.0 ★,5.0 ★,3.5 ★,3.5 ★,3.5 ★,5.0 ★,7:30 - 23:00,中山,台北市中山區長安東路一段8-1號,NO,Yes,NO,Lily,典藏當代藝術真品，適合需要靈感的人，環境舒適典雅，氣味普通，但請勿對食物苛求。,http://artouch.com/food/cafe_changan.aspx?zh=gb,,
坐坐咖啡,請去過的人評分,5.0 ★,4.0 ★,4.0 ★,4.0 ★,4.0 ★,4.0 ★,,中山,台北市中山區長安西路19巷8號,無,,,Catz,風格很特別的店，像是走進以前的阿嬤家,https://www.facebook.com/zuozuocafe/,,
Aussie Cafe 澳氏咖啡,5.0 ★,3.5 ★,3.5 ★,4.0 ★,3.0 ★,5.0 ★,4.0 ★,週一至五12:00-21:00、週六、日10:00-21:00,中山國小,台北市中山區中山北路二段115巷33號 (錦州街13巷進入即可看到),平日No,Yes,Yes,,店內有張上下舖床的座位，勾起背包客許多回憶,http://www.aussie-cafe.com.tw,,
光一敘集,4.5 ★,4.0 ★,2.5 ★,5.0 ★,4.0 ★,5.0 ★,4.0 ★,,中山,台北市中山區中山北路二段20巷2-2號,假日限時,Yes,No,,滿安靜的，座位滿多，頂樓很美可以拍美照XD,https://www.facebook.com/lightoneplus/,,
1+1 Together Republic Cafe,4.0 ★,5.0 ★,5.0 ★,4.0 ★,5.0 ★,5.0 ★,4.0 ★,"週一至周四 12:00PM-9:30PM                           周五 12:00PM-10:00PM
週六11:30AM-10:30PM                                            週日11:30AM-9:30PM
週二公休",中山,台北市中山區中山北路二段26巷10-1號,ＮＯ,ＹＥＳ,ＮＯ,,這裡充滿音樂，就像你回到家回有阿貓來磨蹭你一般，店裡有小說可以閱讀、甚至彈彈吉他、在這個空間消磨一整天的時間，美式咖啡一杯才＄５０可以做一整天!!有輕食!店內安靜貓咪都大剌剌的!,https://www.facebook.com/1plus1.Together.Republic/,,
響板,4.0 ★,3.0 ★,3.5 ★,4.5 ★,3.5 ★,4.5 ★,5.0 ★,13:00-22:00,中山,台北市中山區中山北路二段26巷23號,NO,,NO,,,https://www.facebook.com/%E9%9F%BF%E6%9D%BF-Woodensounds-Garnet-Cru-568338536528830/,,
Libo cafe,請去過的人評分,3.5 ★,3 ★,4.0 ★,3.5 ★,3.5 ★,3 ★,,中山,台北市中山區中山北路二段42巷12號,,,,,,https://www.facebook.com/wilbeck6akun/,,
L'allée 小徑咖啡,3.5★,4.0★,5.0 ★,5.0 ★,4.5 ★,4.5 ★,5.0 ★,11:00~19:30,雙連,台北市中山區中山北路二段96巷28號,用餐時間、遇訂位限時,NO,NO,Sherry,低消為一杯飲料，有各式手工甜點、特色飲料、手工糖霜餅乾等等，提供包場聚會，民權西路站三號出口步行五分鐘內到達；近馬偕醫院。,https://www.facebook.com/lalleetaipei/,,
伯朗咖啡館中山二店 ,4.0 ★,3.5 ★,3.5 ★,3.5 ★,4.0 ★,4.0 ★,4.0 ★,,中山,台北市中山區中山北路一段106之1號,,,No,,桌子有點給小,https://www.mrbrown.com.tw/stores/InquiryDetail.aspx?AID=1&ID=4,,
EZspace共享空間,5.0 ★,5.0 ★,5.0 ★,5.0 ★,5.0 ★,5.0 ★,5.0 ★,10:00-22:00(供餐至21:00),中山,台北市中山區中山北路一段126巷12-1號,NO,Yes,NO,,近捷運2號出口，一樓飲料低消，有場地租借適合活動課程，有五層樓，環境舒適,www.ezspace.tw,,
Coffee Sweet,沒有WIFI,3.0 ★,3.0 ★,5.0 ★,3.5 ★,3.0 ★,3.0 ★,09:30–18:30，六15:30–18:30，週日休息。,善導寺,台北市中山區中山北路一段33巷20弄3號,No,No,No,Vicky2395,咖啡水準高，老闆煮咖啡的水準相當高。Coffee Sweet是咖啡人的朝聖地，這樣講夠清楚了吧。,,,
慢動作咖啡館,請去過的人評分,3.5 ★,3.5 ★,5.0 ★,,4.0 ★,3.0 ★,,善導寺,台北市中山區中山北路一段33巷20弄6號,,,,,,https://www.facebook.com/DoucementCoffee/,,
PAPER ST. Coffee Company,沒有 wifi,3.5 ★,3.5 ★,5.0 ★,4.0 ★,4.0 ★,4.0 ★,10:00-20:00 無休,忠孝新生,台北市中正區八德路一段28號1樓,No,靠牆都有插座,No,Summer,假日人多。低消一杯飲料,https://www.facebook.com/paperxstreet/?fref=ts,,
TAV Cafe 藝術村餐坊,4.0 ★,4.0 ★,4.0 ★,3.5 ★,4.0 ★,4.0 ★,4.0 ★,,善導寺,台北市中正區北平東路7號,No,,Yes,阿川,,https://www.facebook.com/TAV-Cafe-%E8%97%9D%E8%A1%93%E6%9D%91%E9%A4%90%E5%9D%8A-322439244446154/,,
Beccafico,請去過的人評分,,,,,,,,善導寺,台北市中正區杭州南路一段11巷4號,,,,,,https://www.facebook.com/beccafico2015/,,
NUKI Coffee,4.0 ★,4.0 ★,5.0 ★,5.0 ★,3.0 ★,4.0 ★,3.0 ★,,古亭/台電大樓,台北市中正區金門街5-1號,,,,,,https://www.facebook.com/nukicafegallery/,,
The Kaffa Lovers,5.0 ★,5.0 ★,4.0 ★,5.0 ★,4.0 ★,4.0 ★,4.0 ★,週二至週五 10:00-19:00，六日9:00-19:00 ,忠孝新生,台北市中正區金山北路3號,無,YES,可,,木質清新裝潢，有站立座位，也有小型2-3人沙發，店家單品咖啡口味特殊，香氣迷人，有多種單品咖啡可供選擇，單品還會搭配聞香瓶供客人試聞，店家也會主動介紹咖啡的口感，很貼心,https://www.facebook.com/thekaffalovers/?fref=ts,,
早秋咖啡,4.0 ★,4.5 ★,4.0 ★,4.0 ★,4.0 ★,5.0 ★,4.5 ★,12:00-24:00,古亭,台北市中正區晉江街十號,NO,YES,NO,vangelis1127,不趕人、不併桌，地下座位wifi連線稍弱，有室外吸煙區。,https://www.facebook.com/CafeMacho/,,
卡那達咖啡店,3.5 ★,3.5 ★,3.5 ★,4.0 ★,4.0 ★,4.0 ★,5.0 ★,,忠孝新生,台北市中正區臨沂街13巷5號1樓,,Yes,No,阿川,店內會放老闆挑的韓國獨立音樂，很讚,https://www.facebook.com/cafeganada/,,
特有種商行,4.0 ★,4.0 ★,3.5 ★,4.0 ★,4.0 ★,5.0 ★,5.0 ★,,忠孝新生,台北市中正區臨沂街27巷4-1號,No,,Yes,阿川,,https://www.facebook.com/realguts,,
息坐Shizen Coffee,5.0★,5.0★,5.0★,5.0★,4.0★,5.0★,4.5★,12:00 - 22:00,東門,台北市中正區臨沂街55-3號,NO,Yes,Yes,,不定時有各式鹹派和蛋糕，咖啡好喝、乾淨舒適可久坐，店貓喀喀超可愛～,https://www.facebook.com/shizen.coffee/,,
小路上。Dear Deer,5.0 ★,5.0 ★,5.0 ★,4.0 ★,4.0 ★,4.0 ★,5.0 ★,10:00-21:00,古亭,台北市中正區羅斯福路二段77巷7號1-3F,NO,Yes,No,,安靜，餐點不多但是好吃。,https://www.facebook.com/deardeer2012/,,
餘波未了，豆花一堯,4.0 ★,4.5 ★,4.0 ★,4.0 ★,3.5 ★,4.0 ★,5.0 ★,,台電大樓,台北市中正區羅斯福路三段128巷9號,No,Yes,No,,,https://www.facebook.com/CCCC.coffee/,,
中央公園咖啡館,5.0 ★,5.0 ★,5.0 ★,5.0 ★,4.0 ★,4.0 ★,5.0 ★,"周二到周六 12:00-22:00
周日           12:00-21:00",台電大樓/公館,台北市中正區羅斯福路三段240巷3號,無,YES,YES(有高腳桌椅),小馬,"以六人行為主題的咖啡廳,就跟影集中的咖啡廳一模一樣.有好幾張大沙發,坐著很舒適.適合跟朋友聊天.若是需要念書或工作,平日來的話,都很安靜.假日人多比較適合跟朋友聚會",https://www.facebook.com/centralparkatTaipei/?fref=ts,,
海邊的卡夫卡 Kafka by the Sea,5.0 ★,5.0 ★,4.0★,2.0★,2.0★,5.0★,4.0★,"週一~週四11:30 - 22:30
週五~週日12:00 - 24:00",台電大樓/公館,台北市中正區羅斯福路三段244巷2號2樓,No,Yes,No,,週六週日晚間會有不插電演出、免費展覽、電影，店中常撥放獨立音樂，選歌有一定的水準,https://www.facebook.com/kafka.republic/,,
小公館Cafe / La Bistro Cafe,5.0 ★,5.0 ★,4.5 ★,4.0 ★,4.0 ★,5.0 ★,4. 5 ★,12:00~24:00,公館,台北市中正區羅斯福路三段316巷8弄3號2樓,NO,YES,NO,almightyken0425,"店在巷子裡面的二樓，裝潢偏暗色系，燈光明亮，氣氛佳
咖啡，多種啤酒，調酒，鬆餅，義大利麵，炸物",https://www.facebook.com/pg/LaBistroCafe/about/?ref=page_internal,,
The Common,4.0 ★,4.0 ★,4.0 ★,4.0 ★,4.0 ★,4.0 ★,4.5 ★,13:00-23:30,公館,台北市中正區羅斯福路四段138號3樓,No,Yes,No,Ethen,空氣悶，入口在巷內，餐點不貴，學生計時制上限180$，可以待整天外出進食再回來，可待外食，很放鬆的地方，覺得音樂放的有點太大聲，有點干擾工作,https://www.facebook.com/thecommontw,,
生活在他方 elsewhere cafe,4.0 ★,3.0 ★,4.0 ★,4.5 ★,4.0 ★,5.0 ★,3.0★,,古亭,台北市中正區羅斯福路一段119巷3號,,Yes,No,,座位沒有非常多，桌面有點狹窄，不太適合久坐/ 藝術相關書很多，如果只是看書寫東西很適合,https://www.facebook.com/elsewherecafe/,,
春日號咖啡,5.0 ★,5.0 ★,5.0 ★,5.0 ★,5.0 ★,5.0 ★,5.0 ★,週一-週五: 7:00 - 18:00 / 週六-週日: 8:00 - 18:00,中正紀念堂,台北市中正區南昌路一段36號1樓,No,Yed,Yes,Lillian Liu,交通方便，店內安靜，非常適合靜下心來待著享受咖啡香，店內以咖啡飲品為主，亦有提供簡易的輕食、點心。,https://www.facebook.com/springcafefirst/,,
春日號咖啡,5.0 ★,5.0 ★,5.0 ★,5.0 ★,5.0 ★,5.0 ★,5.0 ★,週一-週五: 7:00 - 18:00 / 週六-週日: 8:00 - 18:00,中正紀念堂,台北市中正區南昌路一段36號1樓,No,Yes,Yes,Lillian Liu,交通方便，店內安靜，非常適合靜下心來待著享受咖啡香，店內以咖啡飲品為主，亦有提供簡易的輕食、點心。,https://www.facebook.com/springcafefirst/,,
奧蘿茉 OROMO CAFE 北車店,4.0 ★,3.0 ★,3.0 ★,3.5 ★,4.0 ★,4.0 ★,4.0 ★,10:00-22:00,台北車站,台北市中正區南陽街26號,NO,YES,YES,Silent Night,人多時會進行現場候位安排，人少時可直接入座，三四樓空間較為明亮。可於前一天晚上六點至打烊前以電話預約。四樓空中走廊為吧檯式桌子，高度可站立。,,,
虎記商行,無WiFi,4.0 ★,0.0 ★,4.0 ★,4.0 ★,4.0 ★,5.0 ★,,中正紀念堂,台北市中正區寧波東街1-1號,,,,Summer,比較適合休息聊天，有貓咪,https://www.facebook.com/tigerdrinks/,,
暗角咖啡,5.0 ★,3.5 ★,4.5 ★,4.0 ★,4.0 ★,4.0 ★,4.0 ★,14:00-04:00,古亭,台北市中正區廈門街1號,NO,YES,NO,night17x,深夜咖啡店，咖啡跟餐點都很不錯，適合深夜工作。女姓店員態度對客人蠻兇的,https://www.facebook.com/darkcornercafe/,,
慕哲咖啡,4.0 ★,3.5 ★,3.5 ★,4.0 ★,4.0 ★,,5.0 ★,,善導寺,台北市中正區紹興北街3號,,,No,Summer,,,,
逗號慢活空間,4.0 ★,5.0 ★,4.5 ★,4.0 ★,3.5 ★,4.0 ★,5.0 ★,12:00 - 22:00（公休日參閱粉專）,台電大樓,台北市中正區辛亥路一段31號(羅斯福路口),NO,NO（吧檯提供、樂捐使用）,YES,,,https://www.facebook.com/%E9%80%97%E8%99%9F%E6%85%A2%E6%B4%BB%E7%A9%BA%E9%96%93-858885907521620/,,
Notch咖啡 站前店,2.0 ★,3.0 ★,3.5 ★,2.0 ★,5.0 ★,3.0 ★,,07:30-20:00,台北車站,台北市中正區信陽街6號,,Yes,No,,wifi 不可思議的悲劇，我最多只能給 1 顆星，上次雨天只收得到極弱的 4G,https://www.facebook.com/NOTCHfrontstation,,
詩篇咖啡餐廳,5.0 ★,5.0 ★,5.0 ★,5.0 ★,5.0 ★,5.0 ★,5.0 ★,週二至週六 9:00-21:00 週日 9:00-5:00/ 週一公休,台北車站,台北市中正區信陽街6號,No,Yes,YES,, 餐廳設有150座位、投影音響設備、舞台、電子琴，及獨立小包廂，附有國民旅遊卡刷卡服務，不論您是獨自用餐、帶家人朋友來小聚、包場展演或演習講座，這𥚃一定是您最佳首選空間。,https://www.facebook.com/PsalmsCafe/,,
小食糖 sugar bistro,3.0 ★,3.0 ★,3.0 ★,3.0 ★,3.0 ★,4.0 ★,5.0 ★,,東門,台北市中正區信義路二段181巷3號,No,,Yes,阿川,,https://www.facebook.com/sugar.bistro,,
La Grotta,$5.00,$4.00,$5.00,$5.00,$4.00,$5.00,$4.00,13:00~22:00 週四公休,西門/小南門,台北市中正區中華路一段77號1樓,No,No,No,Cyndi,老闆很堅持品質，咖啡和茶都很有水準，甜點尤其讚！,https://www.facebook.com/lagrottataipei,,
咖啡實驗室,5.0 ★,3.0 ★,3.0 ★,5.0 ★,5.0 ★,3.5 ★,3.5 ★,11:00 - 20:00、五六：11:00 - 21:30,善導寺/忠孝新生,台北市中正區忠孝東路二段64巷6號,No,No,Yes,Vicky2395,環境很乾淨，咖啡水準高，服務也很親切，貓也很可愛。假日人多，不提供WIFI。,https://www.facebook.com/187713631264040/,,
Cafe' de ZO,5.0 ★,5.0 ★,5.0 ★,4.0 ★,5.0 ★,4.0 ★,3.0 ★,中午12:00過後才開始營業,江子翠,新北市板橋區懷德街166號,NO,Yes,Yes,Woofy,低消滿NTD150 才有插座，未滿NTD150，需付NTD30插座費,https://www.facebook.com/cafedezo/,,
Puchi Space 小空間,4.0 ★,5.0 ★,5.0 ★,4.0 ★,4.0 ★,4.0 ★,4.0 ★,10:00 - 19:00 周一休,板橋/台鐵板橋站,新北市板橋區建國街123號,平日不限 假日限3小時,Yes,No,,,https://www.facebook.com/puchispace,,
Mellow Coffee,5.0 ★,5.0 ★,5.0 ★,4.0 ★,4.5 ★,4.5 ★,3 ★,1300-2300 (周二公休),新埔捷運站,新北市板橋區莒光路158號,NO,部分有,NO,Kate,"很安靜，有很多書可看，適合辦公、聊天
海釣船餐廳那條路進去",,,
猜咖啡,4.0 ★,3.0 ★,4.0 ★,3.5 ★,3.0 ★,4.0 ★,5.0 ★,,新埔,新北市板橋區民生路二段234巷11號,,Yes,No,BenBee,店內有大小貓，餐點飲料都不錯，價位稍高，無時間限制,https://www.facebook.com/guesswhatcafe/,,
翁林．林Caf'e,4.0 ★,4.0 ★,4.0 ★,4.0 ★,4.0 ★,4.0 ★,4.0 ★,10:00-21:00,新埔,新北市板橋區民生路二段234巷24弄6號,NO,Yes,No,CJ,位於巷弄內，排除用餐時段還蠻多位子。雖然他店內有標注假日限時但是通常看店內人數而定。裝潢有特色。,https://www.facebook.com/wenglinlincafe/about/,,
MASS CAFE,4.0 ★,5.0 ★,4.0 ★,4.0 ★,4.0 ★,4.0 ★,4.0 ★,11:00-21:30,亞東醫院,新北市板橋區南雅南路二段11-28號,NO,YES,NO,itrs821,大約30個位子，不夠用可以跟店員要延長線，B1有空間可以辦活動，蠻多社運活動文宣，推薦鹹派,https://www.facebook.com/masscafe,,
亞東醫院南棟B1轉角咖啡,院內wifi不穩定,4.0 ★,5.0 ★,4.0 ★,5.0 ★,3.5 ★,5.0 ★,週一到週四 08:30-16:00 週五08:30-14:00,亞東醫院,新北市板橋區南雅南路二段21號南棟B1,No,Yes,No,QQwater,亞東醫院精神科庇護商店，(02)77284060，南棟B1 核子醫學科旁邊，環境舒適，沒有低消、沒有限時間，咖啡好喝，可提供插座。,http://jeiwu.myweb.hinet.net/,,
木木商號【Moon Moon Coffee】,4.5 ★,4.0 ★,5.0 ★,5.0 ★,3.5 ★,4.0 ★,3.0 ★,,,新北市板橋區三民路二段62號,No,Yes,Yes,Clasina,"是個雖小文青咖啡廳,比較沒什麼吃的,但咖啡很好喝還有兩隻超Ｑ店貓",https://www.facebook.com/mu2coffee/,,
羽兒咖啡館,5.0 ★,5.0 ★,4.0★,5.0 ★,5.0★,4.0 ★,3.5 ★,10:30~21:00  週三公休,新埔,新北市板橋區萬板路118號,NO,YES,YES,Grace,"座落在板橋八德公園對面，大面落地窗，店外景觀豐富美觀，除了自家烘焙咖啡外，亦有新鮮手作輕食可在工作休息之餘好好慰勞自己的胃：）每個月都固定更換畫作,相當有文藝氣息喔！",https://www.facebook.com/yourcafe1,,
YoLo Cafe 有樂咖啡,4.0 ★,3.5 ★,4.0 ★,3.5 ★,3.5 ★,4.0 ★,4.5 ★,09:00-18:00,江子翠,新北市板橋區文化路二段182巷3弄14號,No,看座位,No,Summer,餐點也好吃，喜歡環境，適合工作一天,https://www.facebook.com/yolocafe2014/?fref=ts,,
Atts Coffee,4.0 ★,3.5 ★,3.0 ★,4.0 ★,3.5 ★,4.0 ★,4.0 ★,11:00-21:00,江子翠,新北市板橋區文化路二段182巷7弄3號,No,No,No,Summer,有二店，聽說二店空間較舒服   日本老闆煮咖啡是特色,https://www.facebook.com/ATTSCOFFEE/,,
翠活輕飲食CheerLife,5.0 ★,5.0 ★,5.0 ★,4.0 ★,5.0 ★,4.5 ★,5.0 ★,"週一至週五：11:00~21:00
週六日：09:00~21:00",新埔,新北市板橋區陽明街72號,No,Yes,No,Lotus,餐點好吃，空間很舒服，店內還有植物工廠種生菜，累了還可看綠綠生菜消除疲勞，很療癒,https://www.facebook.com/cheerlife1314/,,
行旅者驛站,4.0 ★,5.0 ★,5.0 ★,5.0 ★,5.0 ★,4.0 ★,3.0 ★,14:00 - 22:30，週一公休,府中,新北市板橋區忠孝路275號,NO,NO,yes,,吧台座位居多，光線較為昏暗，但是通常人很少、很安靜，老闆娘超級親切,,,
Peace & Love Cafe,4.0 ★,3.5 ★,3.0 ★,5.0 ★,2.0 ★,4.0 ★,4.5 ★,,大坪林,新北市新店區民權路42巷18號,,No,Yes,,,https://www.facebook.com/palcafesmile,,
躲貓貓咖啡,4.0 ★,5.0 ★,3.5 ★,4.0 ★,4.0 ★,3.5 ★,4.5 ★,,大坪林,新北市新店區民權路42巷21-1號,,Yes,No,,空間寬闊，但常常有媽媽帶小孩，不小心遇到就會很吵,https://www.facebook.com/dmmcoffee,,
創夢咖啡直銷通路說明中心,5.0 ★,5.0 ★,3.5 ★,4.0 ★,4.0 ★,4.0 ★,5.0 ★,,新店,新北市新店區新店路260號,,Yes,Yes,,每桌都有插座，網速驚人，落地窗前有新店溪風景,https://www.facebook.com/DITCAFE,,
SUMI CAFE自家烘焙咖啡館,5.0 ★,5.0 ★,4.0 ★,5.0 ★,4.0 ★,5.0 ★,5.0 ★,11:00-22:00 周二公休,小碧潭,新北市新店區中央五街20號,NO,YES,NO,Bao,單品咖啡可自己選擇想要的沖煮方式，店家也會依你的口味做沖煮上的調整；還有賣精釀啤酒與生啤，生啤味道特別值得嘗試；空間舒適，每個位子都配有插座,https://www.facebook.com/SUMICAFE/,,
敲我Ciao.O烘焙工作室,4.5★,4.5★,4.5★,4.5★,4.5★,4.5★,4.0 ★,10:00~20:00（週一公休）,頭前庄、新莊站,新北市新莊區明中街36號,NO,YES,,MJ,裝潢讓人感覺舒服，有好吃的蛋糕以及餅乾～還有貝果！！！！店裡的步調是會讓人喜歡的～,https://www.facebook.com/CiaoCiaoO620/about/,,
門廊咖啡,5.0 ★,4.0 ★,4.0 ★,5.0 ★,3.0 ★,4.0 ★,4.0 ★,"周一到週五：11:30 - 21:30
周六：12:00 - 21:30
周日不營業",輔大,新北市新莊區中正路514巷33弄10號,無,YES(靠牆邊的位置),No,Jin-Rong,對於不熟悉輔大環境的人會比較難找，在一號出口經過小七和永和豆漿後右轉進去工商城，大約走150公尺左右的右手邊就可以看到了。除了咖啡之外還很推薦義大利麵、鹹派與甜點都非常好吃!!!,https://www.facebook.com/pg/NewTaipeiPorchCafe/about/?tab=page_info,,
工寓咖啡,5.0 ★,4.0 ★,3.0 ★,5.0 ★,4.0 ★,4.0 ★,5.0 ★,10:00 - 22:00,輔大,新北市新莊區中正路593號2樓,無,YES,YES(有高腳桌椅),Jin-Rong,平常時都挺好找位置也很安靜，甜點也很棒，偶爾也會有不定期優惠(如續杯有折扣)，但要避開輔大生期中、期末考週(當週和前一周)，人會突然變很多，容易找不到位置，環境也會比較吵雜。,https://www.facebook.com/cafeindustryone/?fref=ts,,
BPLUS CAFE,無WiFi,5.0 ★,5.0 ★,4.0 ★,5.0 ★,3.5 ★,4.0 ★,10:00~20:00（週一公休）,永安市場,新北市永和區安樂路248之3號,NO,YES,YES(有高腳桌椅),NANA,蛋糕、餅乾、不定時供應，環境連廁所都乾淨、新穎,https://www.facebook.com/BPLUS-CAFE-546342132236513/,,
Caf'e Est 易斯特咖啡,4.0 ★,4.0 ★,4.0 ★,5.0 ★,4.0 ★,3.5 ★,2.0 ★,,,新北市永和區得和路106-1號,,Yes,No,阿川,,https://www.facebook.com/Cafe.est/,,
寒咖啡（永和頂溪國小旁）,5.0 ★,5.0 ★,5.0 ★,5.0 ★,5.0 ★,4.0 ★,4.0 ★,10:00-19:00，週六週一公休,頂溪,新北市永和區文化路135巷4號(頂溪國小旁),No,Yes,Yes,Hulk,老闆好喝，咖啡親切，是個幽靜舒適的小空間，店內有隻可愛的刺蝟寵物,https://www.facebook.com/ilovehancafe/,,
Coffice 咖啡意識,4.5 ★,4.5 ★,4.5 ★,5.0 ★,5.0 ★,4.0 ★,3.5★,13:00 - 22:00 周一休,,新北市永和區永利路109號,NO,YES,YES,Christine,精品黑咖啡及咖啡豆專賣，虹吸壺沖煮的單品很優，咖啡品項多達50~60種，國際評審的老闆是咖啡癡，很龜毛不過很Nice，有問必答，可以學到恨多咖啡的知識～,http://www.coffice.com.tw,,
十杯極致手作茶飲,5.0 ★,3.0 ★,1.0 ★,茶5.0 ★,5.0 ★,3.0★,2.0★,周二～周六：11~23 / 周一及周日：11~21,永安市場,新北市永和區中正路486號,No,Yes,Yes,Winter,"座位不多、店內熱鬧，適合拿下耳機時愛觀察人們互動的朋友。
沒有咖啡，但有牧奶茶跟超提神烏龍綠。",https://www.facebook.com/spadetea/,,
三隻貓頭鷹3owls c＠fe,4.0 ★,5.0 ★,4.0★,3.5 ★,3.5 ★,4.0 ★,5.0 ★,"08:30 - 21:30
",景安,新北市中和區景安路136號2樓,No,Yes,No,Shaum,"出站後左轉不要過路口再左轉直行50公尺,在聖瑪莉麵包店裡面的二樓",https://www.facebook.com/pg/%E4%B8%89%E9%9A%BB%E8%B2%93%E9%A0%AD%E9%B7%B93owls-cfe-1595326360793953/about/?ref=page_internal,,
豆BAR,4.0 ★,4.0 ★,4.0 ★,5.0 ★,5.0 ★,4.0 ★,4.0 ★,,景安,新北市中和區南華路27號,No,Yes,Yes,阿川,,https://www.facebook.com/beanbarcoffee/,,
HUG Caf'e,4.0 ★,4.0 ★,4.0 ★,3.5 ★,4.0 ★,3.5 ★,4.0 ★,,永安市場,新北市中和區永貞路282巷2號,No,Yes,No,阿川,,https://www.facebook.com/hugcafe/,,
美味的貓之夢,4.0 ★,4.0 ★,4.0 ★,3.5 ★,4.0 ★,4.0 ★,4.0 ★,,永安市場,新北市中和區中安街178巷2號,No,,No,阿川,,https://www.facebook.com/NekonoBistro/,,
咖非因館,4.0 ★,5.0 ★,4.0 ★,5.0 ★,3.0 ★,5.0 ★,4.0 ★,08:00-24:00 無公休,永安市場,新北市中和區中安街36-38號,客滿2H,每個座位都有,可,,單品咖啡是招牌，是自家烘焙的，拿鐵也相當好喝，鬆餅分量多到不行好吃，每個座位都有插座，環境很不錯舒適,https://www.facebook.com/caffeine.cafe11/,,
咖啡因二館,4.0 ★,5.0 ★,4.0 ★,5.0 ★,3.0 ★,5.0 ★,5.0 ★,周一-周五9:00-24:00 例假日8:00-24:00,永安市場,新北市中和區中和路400巷12弄1號,客滿2H,每個座位都有,YES,,拿鐵好喝，插座很多，環境不錯，捷運站出來第一個巷子第一家，很近,https://www.facebook.com/caffeine.cafe2/?fref=ts,,
Norma Coffee 諾馬咖啡-大安信義店,5.0 ★,5.0 ★,4.0 ★,5.0 ★,4.0 ★,4.0 ★,5.0 ★,,,,,,,,好食、舒適環境、可愛阿貓、電影＆音樂、提供wifi、插座、可攜帶寵物、桌椅可依照需求擺放,,,
515 Cafe&Books,4.0 ★,4.0 ★,4.0 ★,4.0 ★,3.5 ★,3.0 ★,3.5 ★,11:30-23:00,,,假日有,,,,,,,
聞山咖啡,5.0 ★,3.0 ★,5.0 ★,5.0 ★,2.0★,5.0 ★,3.5 ★,,,,no,yes,,,,,,
The Lightened,4.0 ★,5.0 ★,5.0 ★,5.0 ★,4.0 ★,5.0 ★,4.0 ★,一～五 12:00~21:30 六、日 11:00~21:30,,,NO,YES ,NO,,"在溫州街的角落，從咖啡、甜點、鹹派到餐點，都使用友善環境與友善生產者的食材，最著名的是直接貿易的咖啡豆和公平貿易的可可粉；店內並且舉辦攝影展與不同活動，討論國際議題。
邀請大家利用消費，改變世界。在空間中，一起討論貧窮、種族、性別、人口販賣和永續等世界上的事。",https://www.facebook.com/pg/thelightened/about/?tab=page_info,,
Nom Nom,4.0★,4.0★,4.0★,4.0★,4.0 ★,4.0★,3 ★,09:00–22:00,,,NO,,,,餐點、飲料都好吃，有些特別的口味,,,
家溫度湯專門店,5.0 ★,5.0 ★,4.0 ★,4.0 ★,5.0 ★,5.0 ★,5.0 ★,11:00-20:30,,,NO,YES,NO,,"湯美味,沒有低銷,離捷運站又近!",,,
Percent CAFE %,4.0 ★,4.0 ★,4.0 ★,4.0 ★,4.0 ★,4.0 ★,4.5 ★,,,,No,看座位,No,Summer,食物不優，假日人多，小孩很多，要小心被小孩拔插頭或者碰到筆電，導致筆電掉地上,,,
有心咖啡 A Thoughtful Place,5.0 ★,5.0 ★,4.0★,5.0 ★,5.0★,4.0 ★,4. 5 ★,11:00-22:00／週日公休,,,No,Yes,No,,,,,
士林三號出口咖啡廳,4.0 ★,4.0 ★,4.0 ★,3.5 ★,4.0 ★,4.0 ★,4.0 ★,11:00-19:00,,,,,,,,,,
露西亞咖啡 Cafe Rossiya,5.0 ★,5.0 ★,5.0 ★,5.0 ★,4.0 ★,5.0 ★,5.0 ★,週一-週五:11:30-21:30,,,NO,YES,NO,KOWARA,離捷運站超近的啦！咖啡好喝！餐點也不錯喔！是俄羅斯料理,http://www.facebook.com/wenshui-jazz/,,
室角舍記 ～咖啡議廊,5.0 ★,5.0 ★,5.0 ★,5.0 ★,3.5 ★,5.0 ★,5.0 ★,12:30~20:00（週一、二公休）,,,NO,YES,NO,,近捷運2號出口、公車三福街口/景美國中/景華公園站,,,
Goodmans Songshan,5.0 ★,5.0 ★,5.0 ★,5.0 ★,5.0 ★,4.5 ★,5.0 ★,11：00-19：00 (週末12：00-19：00，週三公休),,,NO,NO,YES,2723T,,,,
覺旅,5.0 ★,2.0 ★,2.0 ★,4.0 ★,2.0 ★,5.0 ★,4.0 ★,,,,No,Yes,,,,,,
貳拾陸巷Somebody Cafe,5.0 ★,4.0 ★,3.0 ★,4.0 ★,5.0 ★,4.0 ★,5.0 ★,10:00-22:00(供餐至21:00),,,假日限時,YES,NO,Tsai,木課桌椅對併，低消一份飲品或主餐，免費插座平日不限時,,,
Norma Coffee 諾馬咖啡-大同哈密店,5.0 ★,5.0 ★,5.0 ★,5.0 ★,4.0 ★,4.0 ★,3.5 ★,10:00~18:30 周四公休,,,NO,No,YES,,,,,
Ms.Bobble 2號店,4.5 ★,3.0 ★,4.0 ★,4.0 ★,4.0 ★,4.5 ★,3.5★,10:00-22:00,,,NO,YES,NO,,有好吃的蛋糕，優秀的沙拉系列!!!!(02 2509 1815),,,
離線咖啡 Offline Cafe,沒有WIFI,4.0 ★,3.5 ★,4.0 ★,3.5 ★,4.0 ★,3.5 ★,,,,,No,No,Summer,假日人可能較多，去之前最好先看看有無包場活動,,,
慢旅。Slow Travel Cafe,4.0★,5.0★,5.0★,5.0★,4.0★,5.0★,4.0★,12:00-19:00  周三公休,,,無,,,,,https://www.facebook.com/slow.travel.cafe/?hc_location=ufi,,
天鳥咖啡,5.0 ★,,,,,,,,,,,,,,,,,
貳十陸巷Somebody Cafe,5.0 ★,3.5 ★,4.0★,4.0★,5.0★,4.0★,3 ★,11:00-22:00,,,NO,Yes,NO,Angie,,,,
彼得好咖啡,4.0 ★,4.0 ★,3.0 ★,,,,,,新莊站,,,,,,,https://www.facebook.com/pbcoffee/,,
Seed Bureau Kafe 種子咖啡,3.5 ★,4.0 ★,4.0 ★,5.0 ★,4.0 ★,5.0 ★,4.0 ★,11:00-19:00 周日公休,,,NO,YES,NO,,自製甜點好吃!!每個位置都有插座。,,,
好杯咖啡,4.0 ★,4.0 ★,4.0 ★,,4.0 ★,4.0 ★,4.0 ★,周一公休 / 1000~2100,民權西路站,,NO,不多,,,假日人多。有輕食及限量午晚餐，採自助式、不收服務費，低消為一杯飲料或套餐、有wifi,https://www.facebook.com/cafenoworries/,,
早安勇士,5.0 ★,5.0 ★,3.0 ★,5.0 ★,5.0 ★,5.0 ★,4.0 ★,07:00 - 18:00 週一公休,,,NO,YES,NO,,,,,
T&T cafe ,4.0 ★,5.0 ★,4.0 ★,3.5 ★,5.0★,4.0★,5.0 ★,營業時間要依照FB,,,NO,不多,NO,choujly,固定星期五晚上會有現場請業餘歌手演唱 但需要提前預訂~,,,
ITCafe,4.0 ★,5.0 ★,5.0 ★,4.0 ★,4.0 ★,5.0 ★,3.0 ★,9:00 - 22:00,,,NO,YES,NO,choujly,平日和假日 人都不多 環境很寧靜,,,
日木安,5.0 ★,3.5 ★,3.5 ★,4.0 ★,4.0 ★,4.5 ★,4.0 ★,14:00 - 22:00,,,NO,不多,NO,jing su,店裡有一隻貓喜愛跟人互動（過敏者小心），店員與老闆和善熱愛跟客人聊天，下午很安靜，晚上許多實踐學生會去店裡討論作業，店裡接受帶酒邊做作業邊喝，另外廁所不在店裡，在隔壁的隔壁,,,
安捷路易咖啡館 (台北館）,4.0 ★,4.0 ★,4.0 ★,3.5 ★,4.0 ★,4.5 ★,3.5 ★,11:00 - 21:00,,,NO,不多,NO,jing su,裝潢非常漂亮，人不多，插座不多，每週固定時段會有實踐老師包場教服裝畫,,,
棗點Breakfirst,4.0 ★,4.0 ★,4.5 ★,4.5 ★,4.0 ★,3.5 ★,3.5 ★,11:00 - 20:00,,,NO,不多,NO,jing su,自製甜點非常好吃，店裡安靜連老闆跟客人聊天都聽的很清楚，可惜比較早關店，,,,
索引文創,4.0 ★,4.5 ★,4.5 ★,4.0 ★,4.0 ★,4.5 ★,4.5 ★,13:00 - 21:00,,,NO,不多,yes,jing su,有巨大桌子非常適合美術系/設計系的同學做作業，很安靜，蠻大的複合式工作空間，挑高與夾層設計非常特殊也很舒服，經常有靜態的展覽,,,
James House,5.0 ★,5.0 ★,5.0 ★,5.0 ★,4.0 ★,5.0 ★,5.0 ★,13:00 - 24:00,,,NO,YES,NO,Rae,風格非常古典獨特的咖啡店，隱匿在大安區的小巷，人不多，咖啡和其他飲料的質量上乘，適合辦公、創作、談心。,,,
海倫咖啡,3.5 ★,4.0 ★,4.0 ★,4.0 ★,4.0 ★,4.0 ★,4.0 ★,7:30-,,,NO,收費30元（消費200以上免費）,NO,,,,,
大人的甜點,4.0 ★,4.0 ★,4.0 ★,3.5 ★,4.0 ★,4.5 ★,3.5 ★,13:00-21:00(周二公休),永安市場,,NO,,,,,,,
G'day Cafe 好日咖啡,5.0 ★,5.0 ★,5.0 ★,4.5 ★,4.0 ★,5.0 ★,5.0 ★,9:00-20:00,民權西路站,台北市中山區撫順街9號,NO,不多,NO,shiah,人不多，相當安靜，咖呩很香，料理很好吃，尤其義大利米很美味,http://facebook.com/gdaycafe,,
